[Licensing::Module] Trying to connect to existing licensing client channel...
[Licensing::IpcConnector] Successfully connected to: "LicenseClient-lance" at "2026-09-20T07:07:17.3034419Z"
Built from '6000.3/staging' branch; Version is '6000.3.10f1 (e35f0c77bd8e) revision 14901004'; Using compiler version '194234433'; Build Type 'Release'
OS: 'Windows 11  (10.0.22000) Core' Language: 'en' Physical Memory: 32698 MB
BatchMode: 1, IsHumanControllingUs: 0, StartBugReporterOnCrash: 0, Is64bit: 1
System  architecture: x64
Process architecture: x64
Date: 2026-09-20T07:07:17Z
[Licensing::Client] Code 10 while verifying Licensing Client signature (process Id: 17372, path: "C:/Program Files/Unity Hub/UnityLicensingClient_V1/Unity.Licensing.Client.exe")
[Licensing::Module] LicensingClient has failed validation; ignoring
[Licensing::Client] Handshaking with LicensingClient:
  Version:                 1.18.3+d7ffd15
  Session Id:              cf62a630ab5b4ed38dd6c080fefbd7f8
  Correlation Id:          2179558688f5038ed81e3ff4f196d146
  External correlation Id: 792930406721928555
  Machine Id:              wY2fj3CJxMtzt7EI9s4LSZIFFyM=
[Licensing::Module] Successfully connected to LicensingClient on channel: "LicenseClient-lance" (connect: 0.00s, validation: 0.00s, handshake: 0.03s)
[Licensing::IpcConnector] Successfully connected to: "LicenseClient-lance-notifications" at "2026-09-20T07:07:17.3373589Z"
[Licensing::Module] Error: Access token is unavailable; failed to update
[Licensing::Client] Successfully resolved entitlement details
[Licensing::Module] License group:
  Id: 2259282-UnityPersXXXX
  Product: Unity Personal
  Type: Assigned
  Expiration: Unlimited
[Licensing::Client] Successfully updated license, isAsync: True, time: 0.00
[Licensing::Client] Successfully resolved entitlement details
[Licensing::Module] Licensing Background thread has ended after 0.04s

COMMAND LINE ARGUMENTS:
C:\Program Files\Unity\Hub\Editor\6000.3.10f1\Editor\Unity.exe
-projectPath
c:\Users\lance\source\repos\My project
-batchmode
-executeMethod
BuildAndCaptureCampaignMap.ExecuteAll
-quit
-logFile
capture_campaign.log
Successfully changed project path to: c:\Users\lance\source\repos\My project
C:/Users/lance/source/repos/My project
[UnityMemory] Configuration Parameters - Can be set up in boot.config
    "memorysetup-temp-allocator-size-nav-mesh-worker=65536"
    "memorysetup-temp-allocator-size-audio-worker=65536"
    "memorysetup-temp-allocator-size-gfx=262144"
    "memorysetup-allocator-temp-initial-block-size-main=262144"
    "memorysetup-allocator-temp-initial-block-size-worker=262144"
    "memorysetup-temp-allocator-size-background-worker=32768"
    "memorysetup-temp-allocator-size-job-worker=262144"
    "memorysetup-temp-allocator-size-preload-manager=33554432"
    "memorysetup-temp-allocator-size-gi-baking-worker=262144"
    "memorysetup-temp-allocator-size-gi-baking-worker=262144"
    "memorysetup-temp-allocator-size-gi-baking-worker=262144"
    "memorysetup-temp-allocator-size-gi-baking-worker=262144"
    "memorysetup-temp-allocator-size-gi-baking-worker=262144"
    "memorysetup-bucket-allocator-granularity=16"
    "memorysetup-bucket-allocator-bucket-count=8"
    "memorysetup-bucket-allocator-block-size=33554432"
    "memorysetup-bucket-allocator-block-count=8"
    "memorysetup-main-allocator-block-size=16777216"
    "memorysetup-thread-allocator-block-size=16777216"
    "memorysetup-gfx-main-allocator-block-size=16777216"
    "memorysetup-gfx-thread-allocator-block-size=16777216"
    "memorysetup-cache-allocator-block-size=4194304"
    "memorysetup-typetree-allocator-block-size=2097152"
    "memorysetup-profiler-bucket-allocator-granularity=16"
    "memorysetup-profiler-bucket-allocator-bucket-count=8"
    "memorysetup-profiler-bucket-allocator-block-size=33554432"
    "memorysetup-profiler-bucket-allocator-block-count=8"
    "memorysetup-profiler-allocator-block-size=16777216"
    "memorysetup-profiler-editor-allocator-block-size=1048576"
    "memorysetup-temp-allocator-size-main=16777216"
    "memorysetup-job-temp-allocator-block-size=2097152"
    "memorysetup-job-temp-allocator-block-size-background=1048576"
    "memorysetup-job-temp-allocator-reduction-small-platforms=262144"
    "memorysetup-temp-allocator-size-cloud-worker=32768"
Player connection [53656]  Target information:

Player connection [53656]  * "[IP] 192.168.50.219 [Port] 55504 [Flags] 2 [Guid] 2765242933 [EditorId] 2765242933 [Version] 1048832 [Id] WindowsEditor(7,LANCE-COMPUTER) [Debug] 1 [PackageName] WindowsEditor [ProjectName] Editor" 

Player connection [53656]  * "[IP] 169.254.83.107 [Port] 55504 [Flags] 2 [Guid] 2765242933 [EditorId] 2765242933 [Version] 1048832 [Id] WindowsEditor(7,LANCE-COMPUTER) [Debug] 1 [PackageName] WindowsEditor [ProjectName] Editor" 

Player connection [53656] Host joined multi-casting on [225.0.0.222:54997]...
Player connection [53656] Host joined alternative multi-casting on [225.0.0.222:34997]...
Input System module state changed to: Initialized.
[Physics::Module] Initialized fallback backend.
[Physics::Module] Id: 0xdecafbad
[Package Manager] Connected to IPC stream "Upm-43876" after 0.3 seconds.
[Licensing::Client] Successfully resolved entitlement details
Library Redirect Path: Library/
[Physics::Module] Selected backend.
[Physics::Module] Name: PhysX
[Physics::Module] Id: 0xf2b8ea05
[Physics::Module] SDK Version: 4.1.2
[Physics::Module] Integration Version: 1.0.0
[Physics::Module] Threading Mode: Multi-Threaded
Refreshing native plugins compatible for Editor in 9.45 ms, found 5 plugins.
Preloading 0 native plugins for Editor in 0.00 ms.
Initialize engine version: 6000.3.10f1 (e35f0c77bd8e)
[Subsystems] Discovering subsystems at path C:/Program Files/Unity/Hub/Editor/6000.3.10f1/Editor/Data/Resources/UnitySubsystems
[Subsystems] Discovering subsystems at path C:/Users/lance/source/repos/My project/Assets
GfxDevice: creating device client; kGfxThreadingModeNonThreaded
Direct3D:
    Version:  Direct3D 11.0 [level 11.1]
    Renderer: NVIDIA GeForce GTX 1080 Ti (ID=0x1b06)
    Vendor:   NVIDIA
    VRAM:     11106 MB
    Driver:   32.0.15.7680
Shader 'MoreMountains/MMRipple': fallback shader 'Particle/AlphaBlended' not found
Initialize mono
Mono path[0] = 'C:/Program Files/Unity/Hub/Editor/6000.3.10f1/Editor/Data/Managed'
Mono path[1] = 'C:/Program Files/Unity/Hub/Editor/6000.3.10f1/Editor/Data/MonoBleedingEdge/lib/mono/unityjit-win32'
Mono config path = 'C:/Program Files/Unity/Hub/Editor/6000.3.10f1/Editor/Data/MonoBleedingEdge/etc'
Using monoOptions --debugger-agent=transport=dt_socket,embedding=1,server=y,suspend=n,address=127.0.0.1:56876
Using cacheserver namespaces - metadata:defaultmetadata, artifacts:defaultartifacts
Using cacheserver namespaces - metadata:defaultmetadata, artifacts:defaultartifacts
ImportWorker Server TCP listen port: 0
AcceleratorClientConnectionCallback - disconnected - :0
Begin MonoManager ReloadAssembly
Registering precompiled unity dll's ...
Register platform support module: C:/Program Files/Unity/Hub/Editor/6000.3.10f1/Editor/Data/PlaybackEngines/WindowsStandaloneSupport/UnityEditor.WindowsStandalone.Extensions.dll
Registered in 0.002063 seconds.
- Loaded All Assemblies, in  0.452 seconds
Native extension for WindowsStandalone target not found
ScheduleIndexationOnStartup MainProcess:False IndexOnStartup:True
Mono: successfully reloaded assembly
- Finished resetting the current domain, in  0.473 seconds
Domain Reload Profiling: 922ms
	BeginReloadAssembly (160ms)
		ExecutionOrderSort (0ms)
		DisableScriptedObjects (0ms)
		BackupInstance (0ms)
		ReleaseScriptingObjects (0ms)
		CreateAndSetChildDomain (21ms)
	RebuildCommonClasses (41ms)
	RebuildNativeTypeToScriptingClass (15ms)
	initialDomainReloadingComplete (51ms)
	LoadAllAssembliesAndSetupDomain (181ms)
		LoadAssemblies (136ms)
		RebuildTransferFunctionScriptingTraits (0ms)
		AnalyzeDomain (177ms)
			TypeCache.Refresh (176ms)
				TypeCache.ScanAssembly (162ms)
			BuildScriptInfoCaches (0ms)
			ResolveRequiredComponents (1ms)
	FinalizeReload (474ms)
		ReleaseScriptCaches (0ms)
		RebuildScriptCaches (0ms)
		SetupLoadedEditorAssemblies (432ms)
			LogAssemblyErrors (0ms)
			InitializePlatformSupportModulesInManaged (52ms)
			SetLoadedEditorAssemblies (5ms)
			BeforeProcessingInitializeOnLoad (103ms)
			ProcessInitializeOnLoadAttributes (188ms)
			ProcessInitializeOnLoadMethodAttributes (84ms)
			AfterProcessingInitializeOnLoad (0ms)
			EditorAssembliesLoaded (0ms)
		ExecutionOrderSort2 (0ms)
		AwakeInstancesAfterBackupRestoration (0ms)
[Licensing::Client] Successfully resolved entitlement details
Application.AssetDatabase Initial Refresh Start
Package Manager log level set to [2]
[Package Manager] Restoring resolved packages state from cache
[Licensing::Client] Successfully resolved entitlement details
[Package Manager] Registered 75 packages:
  Packages from [https://package.openupm.com]:
    com.google.external-dependency-manager@1.2.188 (location: C:\Users\lance\source\repos\My project\Library\PackageCache\com.google.external-dependency-manager@99b9e5db7e03)
    com.gameanalytics.sdk@8.0.1 (location: C:\Users\lance\source\repos\My project\Library\PackageCache\com.gameanalytics.sdk@770dff7b5a42)
  Packages from [https://packages.unity.com]:
    com.unity.ai.navigation@2.0.10 (location: C:\Users\lance\source\repos\My project\Library\PackageCache\com.unity.ai.navigation@c33a115e9883)
    com.unity.cinemachine@3.1.7 (location: C:\Users\lance\source\repos\My project\Library\PackageCache\com.unity.cinemachine@f3f96bcb59af)
    com.unity.collab-proxy@2.11.3 (location: C:\Users\lance\source\repos\My project\Library\PackageCache\com.unity.collab-proxy@e566cd3e7623)
    com.unity.editorcoroutines@1.0.1 (location: C:\Users\lance\source\repos\My project\Library\PackageCache\com.unity.editorcoroutines@54394ed3283c)
    com.unity.formats.fbx@5.1.6 (location: C:\Users\lance\source\repos\My project\Library\PackageCache\com.unity.formats.fbx@9f10493e557a)
    com.unity.ide.rider@3.0.39 (location: C:\Users\lance\source\repos\My project\Library\PackageCache\com.unity.ide.rider@4504839d03f7)
    com.unity.ide.visualstudio@2.0.26 (location: C:\Users\lance\source\repos\My project\Library\PackageCache\com.unity.ide.visualstudio@a99d56dec63f)
    com.unity.inputsystem@1.18.0 (location: C:\Users\lance\source\repos\My project\Library\PackageCache\com.unity.inputsystem@57d0e36f6123)
    com.unity.localization@1.5.12 (location: C:\Users\lance\source\repos\My project\Library\PackageCache\com.unity.localization@b0a588a05f2a)
    com.unity.nuget.newtonsoft-json@3.2.2 (location: C:\Users\lance\source\repos\My project\Library\PackageCache\com.unity.nuget.newtonsoft-json@4dfd81071c64)
    com.unity.postprocessing@3.5.4 (location: C:\Users\lance\source\repos\My project\Library\PackageCache\com.unity.postprocessing@141166b789e3)
    com.unity.sharp-zip-lib@1.4.1 (location: C:\Users\lance\source\repos\My project\Library\PackageCache\com.unity.sharp-zip-lib@f6e4ef34e4d8)
    com.unity.timeline@1.8.10 (location: C:\Users\lance\source\repos\My project\Library\PackageCache\com.unity.timeline@7f8b2fb101b6)
    com.unity.visualscripting@1.9.9 (location: C:\Users\lance\source\repos\My project\Library\PackageCache\com.unity.visualscripting@191c0d7e3b69)
    com.unity.searcher@4.9.4 (location: C:\Users\lance\source\repos\My project\Library\PackageCache\com.unity.searcher@d45a78918735)
    com.unity.addressables@2.9.0 (location: C:\Users\lance\source\repos\My project\Library\PackageCache\com.unity.addressables@de8760a788ae)
    com.autodesk.fbx@5.1.3 (location: C:\Users\lance\source\repos\My project\Library\PackageCache\com.autodesk.fbx@90432ec06ab5)
    com.unity.splines@2.8.3 (location: C:\Users\lance\source\repos\My project\Library\PackageCache\com.unity.splines@56b2023b4b9f)
    com.unity.burst@1.8.28 (location: C:\Users\lance\source\repos\My project\Library\PackageCache\com.unity.burst@07790c2d06d9)
    com.unity.mathematics@1.3.3 (location: C:\Users\lance\source\repos\My project\Library\PackageCache\com.unity.mathematics@19a9377c4ffa)
    com.unity.collections@2.6.2 (location: C:\Users\lance\source\repos\My project\Library\PackageCache\com.unity.collections@aea9d3bd5e19)
    com.unity.profiling.core@1.0.3 (location: C:\Users\lance\source\repos\My project\Library\PackageCache\com.unity.profiling.core@8a49f7027d06)
    com.unity.scriptablebuildpipeline@2.6.0 (location: C:\Users\lance\source\repos\My project\Library\PackageCache\com.unity.scriptablebuildpipeline@a633a2d168ec)
    com.unity.settings-manager@2.1.1 (location: C:\Users\lance\source\repos\My project\Library\PackageCache\com.unity.settings-manager@0b8638c5ce86)
    com.unity.nuget.mono-cecil@1.11.6 (location: C:\Users\lance\source\repos\My project\Library\PackageCache\com.unity.nuget.mono-cecil@ecb9724e46ff)
    com.unity.test-framework.performance@3.2.0 (location: C:\Users\lance\source\repos\My project\Library\PackageCache\com.unity.test-framework.performance@0840f58e4562)
  Built-in packages:
    com.unity.2d.sprite@1.0.0 (location: C:\Users\lance\source\repos\My project\Library\PackageCache\com.unity.2d.sprite@d14b9d497a24)
    com.unity.multiplayer.center@1.0.1 (location: C:\Users\lance\source\repos\My project\Library\PackageCache\com.unity.multiplayer.center@f01f4ba8d00a)
    com.unity.render-pipelines.universal@17.3.0 (location: C:\Users\lance\source\repos\My project\Library\PackageCache\com.unity.render-pipelines.universal@37e0d4fc2503)
    com.unity.shadergraph@17.3.0 (location: C:\Users\lance\source\repos\My project\Library\PackageCache\com.unity.shadergraph@c8830f61858d)
    com.unity.test-framework@1.6.0 (location: C:\Users\lance\source\repos\My project\Library\PackageCache\com.unity.test-framework@0b7a23ab2e1d)
    com.unity.ugui@2.0.0 (location: C:\Users\lance\source\repos\My project\Library\PackageCache\com.unity.ugui@bb329a87fcdc)
    com.unity.visualeffectgraph@17.3.0 (location: C:\Users\lance\source\repos\My project\Library\PackageCache\com.unity.visualeffectgraph@ec7b0e7f250a)
    com.unity.modules.accessibility@1.0.0 (location: C:\Users\lance\source\repos\My project\Library\PackageCache\com.unity.modules.accessibility)
    com.unity.modules.adaptiveperformance@1.0.0 (location: C:\Users\lance\source\repos\My project\Library\PackageCache\com.unity.modules.adaptiveperformance)
    com.unity.modules.ai@1.0.0 (location: C:\Users\lance\source\repos\My project\Library\PackageCache\com.unity.modules.ai)
    com.unity.modules.androidjni@1.0.0 (location: C:\Users\lance\source\repos\My project\Library\PackageCache\com.unity.modules.androidjni)
    com.unity.modules.animation@1.0.0 (location: C:\Users\lance\source\repos\My project\Library\PackageCache\com.unity.modules.animation)
    com.unity.modules.assetbundle@1.0.0 (location: C:\Users\lance\source\repos\My project\Library\PackageCache\com.unity.modules.assetbundle)
    com.unity.modules.audio@1.0.0 (location: C:\Users\lance\source\repos\My project\Library\PackageCache\com.unity.modules.audio)
    com.unity.modules.cloth@1.0.0 (location: C:\Users\lance\source\repos\My project\Library\PackageCache\com.unity.modules.cloth)
    com.unity.modules.director@1.0.0 (location: C:\Users\lance\source\repos\My project\Library\PackageCache\com.unity.modules.director)
    com.unity.modules.imageconversion@1.0.0 (location: C:\Users\lance\source\repos\My project\Library\PackageCache\com.unity.modules.imageconversion)
    com.unity.modules.imgui@1.0.0 (location: C:\Users\lance\source\repos\My project\Library\PackageCache\com.unity.modules.imgui)
    com.unity.modules.jsonserialize@1.0.0 (location: C:\Users\lance\source\repos\My project\Library\PackageCache\com.unity.modules.jsonserialize)
    com.unity.modules.particlesystem@1.0.0 (location: C:\Users\lance\source\repos\My project\Library\PackageCache\com.unity.modules.particlesystem)
    com.unity.modules.physics@1.0.0 (location: C:\Users\lance\source\repos\My project\Library\PackageCache\com.unity.modules.physics)
    com.unity.modules.physics2d@1.0.0 (location: C:\Users\lance\source\repos\My project\Library\PackageCache\com.unity.modules.physics2d)
    com.unity.modules.screencapture@1.0.0 (location: C:\Users\lance\source\repos\My project\Library\PackageCache\com.unity.modules.screencapture)
    com.unity.modules.terrain@1.0.0 (location: C:\Users\lance\source\repos\My project\Library\PackageCache\com.unity.modules.terrain)
    com.unity.modules.terrainphysics@1.0.0 (location: C:\Users\lance\source\repos\My project\Library\PackageCache\com.unity.modules.terrainphysics)
    com.unity.modules.tilemap@1.0.0 (location: C:\Users\lance\source\repos\My project\Library\PackageCache\com.unity.modules.tilemap)
    com.unity.modules.ui@1.0.0 (location: C:\Users\lance\source\repos\My project\Library\PackageCache\com.unity.modules.ui)
    com.unity.modules.uielements@1.0.0 (location: C:\Users\lance\source\repos\My project\Library\PackageCache\com.unity.modules.uielements)
    com.unity.modules.umbra@1.0.0 (location: C:\Users\lance\source\repos\My project\Library\PackageCache\com.unity.modules.umbra)
    com.unity.modules.unityanalytics@1.0.0 (location: C:\Users\lance\source\repos\My project\Library\PackageCache\com.unity.modules.unityanalytics)
    com.unity.modules.unitywebrequest@1.0.0 (location: C:\Users\lance\source\repos\My project\Library\PackageCache\com.unity.modules.unitywebrequest)
    com.unity.modules.unitywebrequestassetbundle@1.0.0 (location: C:\Users\lance\source\repos\My project\Library\PackageCache\com.unity.modules.unitywebrequestassetbundle)
    com.unity.modules.unitywebrequestaudio@1.0.0 (location: C:\Users\lance\source\repos\My project\Library\PackageCache\com.unity.modules.unitywebrequestaudio)
    com.unity.modules.unitywebrequesttexture@1.0.0 (location: C:\Users\lance\source\repos\My project\Library\PackageCache\com.unity.modules.unitywebrequesttexture)
    com.unity.modules.unitywebrequestwww@1.0.0 (location: C:\Users\lance\source\repos\My project\Library\PackageCache\com.unity.modules.unitywebrequestwww)
    com.unity.modules.vectorgraphics@1.0.0 (location: C:\Users\lance\source\repos\My project\Library\PackageCache\com.unity.modules.vectorgraphics)
    com.unity.modules.vehicles@1.0.0 (location: C:\Users\lance\source\repos\My project\Library\PackageCache\com.unity.modules.vehicles)
    com.unity.modules.video@1.0.0 (location: C:\Users\lance\source\repos\My project\Library\PackageCache\com.unity.modules.video)
    com.unity.modules.vr@1.0.0 (location: C:\Users\lance\source\repos\My project\Library\PackageCache\com.unity.modules.vr)
    com.unity.modules.wind@1.0.0 (location: C:\Users\lance\source\repos\My project\Library\PackageCache\com.unity.modules.wind)
    com.unity.modules.xr@1.0.0 (location: C:\Users\lance\source\repos\My project\Library\PackageCache\com.unity.modules.xr)
    com.unity.modules.subsystems@1.0.0 (location: C:\Users\lance\source\repos\My project\Library\PackageCache\com.unity.modules.subsystems)
    com.unity.modules.hierarchycore@1.0.0 (location: C:\Users\lance\source\repos\My project\Library\PackageCache\com.unity.modules.hierarchycore)
    com.unity.render-pipelines.core@17.3.0 (location: C:\Users\lance\source\repos\My project\Library\PackageCache\com.unity.render-pipelines.core@04ab0eefa0c3)
    com.unity.ext.nunit@2.0.5 (location: C:\Users\lance\source\repos\My project\Library\PackageCache\com.unity.ext.nunit@d8c07649098d)
    com.unity.render-pipelines.universal-config@17.0.3 (location: C:\Users\lance\source\repos\My project\Library\PackageCache\com.unity.render-pipelines.universal-config@8dc1aab4af1d)
  Git packages:
    com.coplaydev.unity-mcp@https://github.com/CoplayDev/unity-mcp.git?path=/MCPForUnity#main (location: C:\Users\lance\source\repos\My project\Library\PackageCache\com.coplaydev.unity-mcp@a4c2d0a84573)
[Subsystems] No new subsystems found in resolved package list.
[Package Manager] Done registering packages in 0.02 seconds
GUID [739aba3c85e94d3f8129d1d0cf1577f0] for asset 'Packages/com.google.external-dependency-manager/ExternalDependencyManager/Editor/1.2.188/Google.IOSResolver.dll' conflicts with:
  'Assets/ExternalDependencyManager/Editor/1.2.188/Google.IOSResolver.dll' (current owner)
We can't assign a new GUID because the asset is in an immutable folder. The asset will be ignored.
GUID [ffd499abcc9844148684ce0e3b1c6dbe] for asset 'Packages/com.google.external-dependency-manager/ExternalDependencyManager/Editor/1.2.188/Google.IOSResolver.pdb' conflicts with:
  'Assets/ExternalDependencyManager/Editor/1.2.188/Google.IOSResolver.pdb' (current owner)
We can't assign a new GUID because the asset is in an immutable folder. The asset will be ignored.
GUID [c45899ebe8c74e899b01db48612530ab] for asset 'Packages/com.google.external-dependency-manager/ExternalDependencyManager/Editor/1.2.188/Google.JarResolver.dll' conflicts with:
  'Assets/ExternalDependencyManager/Editor/1.2.188/Google.JarResolver.dll' (current owner)
We can't assign a new GUID because the asset is in an immutable folder. The asset will be ignored.
GUID [2540d4575eb345e49656440d2b171a04] for asset 'Packages/com.google.external-dependency-manager/ExternalDependencyManager/Editor/1.2.188/Google.JarResolver.pdb' conflicts with:
  'Assets/ExternalDependencyManager/Editor/1.2.188/Google.JarResolver.pdb' (current owner)
We can't assign a new GUID because the asset is in an immutable folder. The asset will be ignored.
GUID [b7778556e8bc46f28e11b7a43a0925d0] for asset 'Packages/com.google.external-dependency-manager/ExternalDependencyManager/Editor/1.2.188/Google.PackageManagerResolver.dll' conflicts with:
  'Assets/ExternalDependencyManager/Editor/1.2.188/Google.PackageManagerResolver.dll' (current owner)
We can't assign a new GUID because the asset is in an immutable folder. The asset will be ignored.
GUID [d95eb524298348f89f6671187c12892c] for asset 'Packages/com.google.external-dependency-manager/ExternalDependencyManager/Editor/1.2.188/Google.PackageManagerResolver.pdb' conflicts with:
  'Assets/ExternalDependencyManager/Editor/1.2.188/Google.PackageManagerResolver.pdb' (current owner)
We can't assign a new GUID because the asset is in an immutable folder. The asset will be ignored.
GUID [f4184fc5e57343b2a1b32e0eb18c3e75] for asset 'Packages/com.google.external-dependency-manager/ExternalDependencyManager/Editor/1.2.188/Google.VersionHandlerImpl.dll' conflicts with:
  'Assets/ExternalDependencyManager/Editor/1.2.188/Google.VersionHandlerImpl.dll' (current owner)
We can't assign a new GUID because the asset is in an immutable folder. The asset will be ignored.
GUID [17414cd556f842239fa5728687967cfa] for asset 'Packages/com.google.external-dependency-manager/ExternalDependencyManager/Editor/1.2.188/Google.VersionHandlerImpl.pdb' conflicts with:
  'Assets/ExternalDependencyManager/Editor/1.2.188/Google.VersionHandlerImpl.pdb' (current owner)
We can't assign a new GUID because the asset is in an immutable folder. The asset will be ignored.
GUID [0c7e8f57d2d845cdb4f86f2b6643cf8b] for asset 'Packages/com.google.external-dependency-manager/ExternalDependencyManager/Editor/external-dependency-manager_version-1.2.188_manifest.txt' conflicts with:
  'Assets/ExternalDependencyManager/Editor/external-dependency-manager_version-1.2.188_manifest.txt' (current owner)
We can't assign a new GUID because the asset is in an immutable folder. The asset will be ignored.
GUID [759559faddc84bb99c9a9ceba91f58f1] for asset 'Packages/com.google.external-dependency-manager/ExternalDependencyManager/Editor/Google.VersionHandler.dll' conflicts with:
  'Assets/ExternalDependencyManager/Editor/Google.VersionHandler.dll' (current owner)
We can't assign a new GUID because the asset is in an immutable folder. The asset will be ignored.
GUID [8a529042701647f3afa9e76ebbb531fc] for asset 'Packages/com.google.external-dependency-manager/ExternalDependencyManager/Editor/Google.VersionHandler.pdb' conflicts with:
  'Assets/ExternalDependencyManager/Editor/Google.VersionHandler.pdb' (current owner)
We can't assign a new GUID because the asset is in an immutable folder. The asset will be ignored.
Assembly reference Packages/com.unity.cinemachine/Editor/Samples/ExposeHDRPInternals/HDRP-Editor-ref.asmref has no target assembly definition
Assembly reference Packages/com.unity.cinemachine/Editor/Samples/ExposeHDRPInternals/HDRP-Editor-ref.asmref has no target assembly definition
[ScriptCompilation] Requested script compilation because: Assetdatabase observed changes in script compilation related files
Duplicate assembly 'System.Runtime.CompilerServices.Unsafe.dll' with different versions detected, using 'Packages/com.unity.collections/Unity.Collections.Tests/System.Runtime.CompilerServices.Unsafe/System.Runtime.CompilerServices.Unsafe.dll, AssemblyName=System.Runtime.CompilerServices.Unsafe, Version=6.0.0.0, Culture=neutral, PublicKeyToken=b03f5f7f11d50a3a' and ignoring 'Assets/AssetInventory/Editor/ThirdParty/Microsoft AI/System.Runtime.CompilerServices.Unsafe.dll, AssemblyName=System.Runtime.CompilerServices.Unsafe, Version=5.0.0.0, Culture=neutral, PublicKeyToken=b03f5f7f11d50a3a'.Starting: C:\Program Files\Unity\Hub\Editor\6000.3.10f1\Editor\Data\Tools\BuildPipeline\bee_backend.exe --ipc --defer-dag-verification --dagfile="Library/Bee/1900b0aEDbg.dag" --continue-on-failure --profile="Library/Bee/backend1.traceevents" ScriptAssemblies
WorkingDir: C:/Users/lance/source/repos/My project
DisplayProgressbar: Compiling Scripts
ExitCode: 0 Duration: 3s423ms
[1096/1446  0s] ILPP-Configuration Library/ilpp-configuration.nevergeneratedoutput
[1442/1446  1s] Csc Library/Bee/artifacts/1900b0aEDbg.dag/Assembly-CSharp-Editor.dll (+2 others)
Assets\Bladehold\Bladehold Scripts\Editor\SettingsMenuGenerator.cs(416,9): warning CS0618: 'TMP_Text.enableWordWrapping' is obsolete: 'The enabledWordWrapping property is now obsolete. Please use the textWrappingMode property instead.'

Assets\Editor\FixBars.cs(10,20): warning CS0618: 'Object.FindObjectsOfType<T>(bool)' is obsolete: 'Object.FindObjectsOfType has been deprecated. Use Object.FindObjectsByType instead which lets you decide whether you need the results sorted or not.  FindObjectsOfType sorts the results by InstanceID but if you do not need this using FindObjectSortMode.None is considerably faster.'

Assets\Bladehold\Bladehold Scripts\Editor\TestDraftWeaponCharges.cs(69,25): warning CS0252: Possible unintended reference comparison; to get a value comparison, cast the left hand side to type 'Object'

Assets\Bladehold\Editor\HUDWiringHelper.cs(98,24): warning CS0618: 'Object.FindObjectOfType<T>()' is obsolete: 'Object.FindObjectOfType has been deprecated. Use Object.FindFirstObjectByType instead or if finding any instance is acceptable the faster Object.FindAnyObjectByType'
[1443/1446  0s] ILPostProcess Library/Bee/artifacts/1900b0aEDbg.dag/post-processed/Assembly-CSharp-Editor.dll (+pdb)
Processing assembly Library/Bee/artifacts/1900b0aEDbg.dag/Assembly-CSharp-Editor.dll, with 138 defines and 397 references

processors: Unity.Jobs.CodeGen.JobsILPostProcessor, zzzUnity.Burst.CodeGen.BurstILPostProcessor

running Unity.Jobs.CodeGen.JobsILPostProcessor

running zzzUnity.Burst.CodeGen.BurstILPostProcessor
[1444/1446  0s] CopyFiles Library/ScriptAssemblies/Assembly-CSharp-Editor.pdb
[1445/1446  0s] CopyFiles Library/ScriptAssemblies/Assembly-CSharp-Editor.dll
*** Tundra build success (3.38 seconds), 5 items updated, 1446 evaluated
Assets\Bladehold\Bladehold Scripts\Editor\SettingsMenuGenerator.cs(416,9): warning CS0618: 'TMP_Text.enableWordWrapping' is obsolete: 'The enabledWordWrapping property is now obsolete. Please use the textWrappingMode property instead.'
Assets\Editor\FixBars.cs(10,20): warning CS0618: 'Object.FindObjectsOfType<T>(bool)' is obsolete: 'Object.FindObjectsOfType has been deprecated. Use Object.FindObjectsByType instead which lets you decide whether you need the results sorted or not.  FindObjectsOfType sorts the results by InstanceID but if you do not need this using FindObjectSortMode.None is considerably faster.'
Assets\Bladehold\Bladehold Scripts\Editor\TestDraftWeaponCharges.cs(69,25): warning CS0252: Possible unintended reference comparison; to get a value comparison, cast the left hand side to type 'Object'
Assets\Bladehold\Editor\HUDWiringHelper.cs(98,24): warning CS0618: 'Object.FindObjectOfType<T>()' is obsolete: 'Object.FindObjectOfType has been deprecated. Use Object.FindFirstObjectByType instead or if finding any instance is acceptable the faster Object.FindAnyObjectByType'
AssetDatabase: script compilation time: 4.165427s
Begin MonoManager ReloadAssembly
Duplicate assembly 'System.Runtime.CompilerServices.Unsafe.dll' with different versions detected, using 'Packages/com.unity.collections/Unity.Collections.Tests/System.Runtime.CompilerServices.Unsafe/System.Runtime.CompilerServices.Unsafe.dll, AssemblyName=System.Runtime.CompilerServices.Unsafe, Version=6.0.0.0, Culture=neutral, PublicKeyToken=b03f5f7f11d50a3a' and ignoring 'Assets/AssetInventory/Editor/ThirdParty/Microsoft AI/System.Runtime.CompilerServices.Unsafe.dll, AssemblyName=System.Runtime.CompilerServices.Unsafe, Version=5.0.0.0, Culture=neutral, PublicKeyToken=b03f5f7f11d50a3a'.- Loaded All Assemblies, in  1.548 seconds
'Packages/com.unity.cinemachine/Editor/Editors/CinemachineVirtualCameraBaseEditor.cs' contains partial class of Unity.Object, exactly 1 of the partial classes needs to be in a file with the same filename. This is to know the one that can be referenced from ie. GameObjects
'Packages/com.unity.cinemachine/Editor/Obsolete/CinemachineVirtualCameraBaseEditor.cs' contains partial class of Unity.Object, exactly 1 of the partial classes needs to be in a file with the same filename. This is to know the one that can be referenced from ie. GameObjects
Refreshing native plugins compatible for Editor in 9.95 ms, found 9 plugins.
Native extension for WindowsStandalone target not found
Assembly reference Packages/com.unity.cinemachine/Editor/Samples/ExposeHDRPInternals/HDRP-Editor-ref.asmref has no target assembly definition
Refreshing native plugins compatible for Editor in 22.48 ms, found 9 plugins.
Duplicate assembly 'System.Runtime.CompilerServices.Unsafe.dll' with different versions detected, using 'Packages/com.unity.collections/Unity.Collections.Tests/System.Runtime.CompilerServices.Unsafe/System.Runtime.CompilerServices.Unsafe.dll, AssemblyName=System.Runtime.CompilerServices.Unsafe, Version=6.0.0.0, Culture=neutral, PublicKeyToken=b03f5f7f11d50a3a' and ignoring 'Assets/AssetInventory/Editor/ThirdParty/Microsoft AI/System.Runtime.CompilerServices.Unsafe.dll, AssemblyName=System.Runtime.CompilerServices.Unsafe, Version=5.0.0.0, Culture=neutral, PublicKeyToken=b03f5f7f11d50a3a'.ScheduleIndexationOnStartup MainProcess:True IndexOnStartup:True
Mono: successfully reloaded assembly
- Finished resetting the current domain, in 11.878 seconds
Domain Reload Profiling: 13416ms
	BeginReloadAssembly (336ms)
		ExecutionOrderSort (0ms)
		DisableScriptedObjects (14ms)
		BackupInstance (0ms)
		ReleaseScriptingObjects (0ms)
		CreateAndSetChildDomain (167ms)
	RebuildCommonClasses (39ms)
	RebuildNativeTypeToScriptingClass (15ms)
	initialDomainReloadingComplete (63ms)
	LoadAllAssembliesAndSetupDomain (1085ms)
		LoadAssemblies (669ms)
		RebuildTransferFunctionScriptingTraits (0ms)
		AnalyzeDomain (523ms)
			TypeCache.Refresh (364ms)
				TypeCache.ScanAssembly (343ms)
			BuildScriptInfoCaches (123ms)
			ResolveRequiredComponents (31ms)
	FinalizeReload (11878ms)
		ReleaseScriptCaches (0ms)
		RebuildScriptCaches (0ms)
		SetupLoadedEditorAssemblies (11523ms)
			LogAssemblyErrors (0ms)
			InitializePlatformSupportModulesInManaged (25ms)
			SetLoadedEditorAssemblies (7ms)
			BeforeProcessingInitializeOnLoad (412ms)
			ProcessInitializeOnLoadAttributes (10954ms)
			ProcessInitializeOnLoadMethodAttributes (117ms)
			AfterProcessingInitializeOnLoad (7ms)
			EditorAssembliesLoaded (1ms)
		ExecutionOrderSort2 (0ms)
		AwakeInstancesAfterBackupRestoration (7ms)
Start importing ProjectSettings/ProjectSettings.asset using Guid(00000000000000004000000000000000) (LibraryAssetImporter) -> (artifact id: '83ac4fe87e88db157da56f2b83fe2185') in 0.0177214 seconds
Start importing Assets/Bladehold/Bladehold Scenes/Bladehold Campaign Map Scene.unity using Guid(c4b13a7e589148d8b2d184091a1334bc) (DefaultImporter) -> (artifact id: '128156d5d489d6ce41283afd0120b0f3') in 0.0013054 seconds
Refreshing native plugins compatible for Editor in 12.29 ms, found 9 plugins.
Preloading 0 native plugins for Editor in 0.00 ms.
Loaded 3 ExamplePackConfig assets
UnityEngine.Debug:ExtractStackTraceNoAlloc (byte*,int,string)
UnityEngine.StackTraceUtility:ExtractStackTrace ()
UnityEngine.DebugLogHandler:Internal_Log (UnityEngine.LogType,UnityEngine.LogOption,string,UnityEngine.Object)
UnityEngine.DebugLogHandler:LogFormat (UnityEngine.LogType,UnityEngine.Object,string,object[])
UnityEngine.Logger:Log (UnityEngine.LogType,object)
UnityEngine.Debug:Log (object)
SyntyPackageHelper:LoadSyntyPackageHelperConfigs () (at Assets/Synty/SyntyPackageHelper/Editor/SyntyPackageHelper.cs:46)
SyntyPackageHelper:OnProjectChanged () (at Assets/Synty/SyntyPackageHelper/Editor/SyntyPackageHelper.cs:55)
UnityEditor.EditorApplication:Internal_CallProjectHasChanged ()

(Filename: Assets/Synty/SyntyPackageHelper/Editor/SyntyPackageHelper.cs Line: 46)

Asset Pipeline Refresh (id=73aa3a4451853834095abf7461c39ac4): Total: 20.620 seconds - Initiated by InitialRefreshV2(ForceSynchronousImport)
	Summary:
		Imports: total=1 (actual=1, local cache=0, cache server=0)
		Asset DB Process Time: managed=5 ms, native=13721 ms
		Asset DB Callback time: managed=914 ms, native=45 ms
		Scripting: domain reloads=1, domain reload time=1548 ms, compile time=4167 ms, other=216 ms
		Project Asset Count: scripts=4467, non-scripts=30433
		Asset File Changes: new=1, changed=2, moved=0, deleted=0
		Scan Filter Count: 0
	InvokeCustomDependenciesCallbacks: 0.002ms
	InvokePackagesCallback: 27.467ms
	ApplyChangesToAssetFolders: 0.886ms
	Scan: 340.835ms
	OnSourceAssetsModified: 0.745ms
	CategorizeAssetsWithTransientArtifact: 88.296ms
	ProcessAssetsWithTransientArtifactChanges: 178.058ms
	CategorizeAssets: 735.003ms
	ImportOutOfDateAssets: 12009.199ms (7755.762ms without children)
		ImportManagerImport: 25.515ms (4.728ms without children)
			ImportInProcess: 20.742ms
			UpdateCategorizedAssets: 0.045ms
		CompileScripts: 4167.061ms
		ReloadNativeAssets: 2.328ms
		UnloadImportedAssets: 39.019ms
		ReloadImportedAssets: 0.000ms
		EnsureUptoDateAssetsAreRegisteredWithGuidPM: 14.591ms
		InitializingProgressBar: 0.009ms
		PostProcessAllAssetNotificationsAddChangedAssets: 0.001ms
		OnDemandSchedulerStart: 4.912ms
	PostProcessAllAssets: 882.929ms
	Hotreload: 347.226ms
	GatherAllCurrentPrimaryArtifactRevisions: 3.048ms
	UnloadStreamsBegin: 4.210ms
	PersistCurrentRevisions: 3.350ms
	UnloadStreamsEnd: 0.119ms
	GenerateScriptTypeHashes: 20.584ms
	Untracked: 5998.349ms

Application.AssetDatabase Initial Refresh End
Launched and connected shader compiler UnityShaderCompiler.exe after 0.01 seconds
Scanning for USB devices : 4.635ms
Initializing Unity extensions:
[MODES] ModeService[none].Initialize
[MODES] ModeService[none].LoadModes
[MODES] Loading mode Default (0) for mode-current-id-Bladehold
Unloading 38 Unused Serialized files (Serialized files now loaded: 0)
Unloading 17276 unused Assets / (13.0 MB). Loaded Objects now: 12055.
Memory consumption went from 0.71 GB to 0.70 GB.
Total: 37.451700 ms (FindLiveObjects: 1.559900 ms CreateObjectMapping: 3.255000 ms MarkObjects: 14.288800 ms  DeleteObjects: 18.346400 ms)

[BuildAndCaptureCampaignMap] === Starting Complete Build & Screenshot Capture ===
UnityEngine.Debug:ExtractStackTraceNoAlloc (byte*,int,string)
UnityEngine.StackTraceUtility:ExtractStackTrace ()
UnityEngine.DebugLogHandler:Internal_Log (UnityEngine.LogType,UnityEngine.LogOption,string,UnityEngine.Object)
UnityEngine.DebugLogHandler:LogFormat (UnityEngine.LogType,UnityEngine.Object,string,object[])
UnityEngine.Logger:Log (UnityEngine.LogType,object)
UnityEngine.Debug:Log (object)
BuildAndCaptureCampaignMap:ExecuteAll () (at Assets/Bladehold/Bladehold Scripts/Editor/BuildAndCaptureCampaignMap.cs:33)

(Filename: Assets/Bladehold/Bladehold Scripts/Editor/BuildAndCaptureCampaignMap.cs Line: 33)

[BuildAndCaptureCampaignMap] Building scene at: Assets/Bladehold/Bladehold Scenes/Bladehold Campaign Map Scene.unity
UnityEngine.Debug:ExtractStackTraceNoAlloc (byte*,int,string)
UnityEngine.StackTraceUtility:ExtractStackTrace ()
UnityEngine.DebugLogHandler:Internal_Log (UnityEngine.LogType,UnityEngine.LogOption,string,UnityEngine.Object)
UnityEngine.DebugLogHandler:LogFormat (UnityEngine.LogType,UnityEngine.Object,string,object[])
UnityEngine.Logger:Log (UnityEngine.LogType,object)
UnityEngine.Debug:Log (object)
BuildAndCaptureCampaignMap:BuildScene () (at Assets/Bladehold/Bladehold Scripts/Editor/BuildAndCaptureCampaignMap.cs:41)
BuildAndCaptureCampaignMap:ExecuteAll () (at Assets/Bladehold/Bladehold Scripts/Editor/BuildAndCaptureCampaignMap.cs:34)

(Filename: Assets/Bladehold/Bladehold Scripts/Editor/BuildAndCaptureCampaignMap.cs Line: 41)

Unloading 1 Unused Serialized files (Serialized files now loaded: 0)
Unloading 1 unused Assets / (2.7 KB). Loaded Objects now: 12058.
Memory consumption went from 461.6 MB to 461.6 MB.
Total: 10.217300 ms (FindLiveObjects: 0.522100 ms CreateObjectMapping: 0.671600 ms MarkObjects: 8.994100 ms  DeleteObjects: 0.028700 ms)

[CampaignGraphSO] Built default Castle Campaign Graph: 8 Tiers, 14 Nodes.
UnityEngine.Debug:ExtractStackTraceNoAlloc (byte*,int,string)
UnityEngine.StackTraceUtility:ExtractStackTrace ()
UnityEngine.DebugLogHandler:Internal_Log (UnityEngine.LogType,UnityEngine.LogOption,string,UnityEngine.Object)
UnityEngine.DebugLogHandler:LogFormat (UnityEngine.LogType,UnityEngine.Object,string,object[])
UnityEngine.Logger:Log (UnityEngine.LogType,object)
UnityEngine.Debug:Log (object)
CampaignGraphSO:BuildDefaultGraph () (at Assets/Bladehold/Bladehold Scripts/Campaign/CampaignGraphSO.cs:466)
CampaignGraphSO:CreateDefaultCampaignGraph () (at Assets/Bladehold/Bladehold Scripts/Campaign/CampaignGraphSO.cs:83)
BuildAndCaptureCampaignMap:BuildScene () (at Assets/Bladehold/Bladehold Scripts/Editor/BuildAndCaptureCampaignMap.cs:210)
BuildAndCaptureCampaignMap:ExecuteAll () (at Assets/Bladehold/Bladehold Scripts/Editor/BuildAndCaptureCampaignMap.cs:34)

(Filename: Assets/Bladehold/Bladehold Scripts/Campaign/CampaignGraphSO.cs Line: 466)

Start importing Assets/Bladehold/Bladehold Scenes/Bladehold Campaign Map Scene.unity using Guid(c4b13a7e589148d8b2d184091a1334bc) (DefaultImporter) -> (artifact id: '6e8b081ed501ce80f269b79684e3bbd0') in 0.001142 seconds
Refreshing native plugins compatible for Editor in 10.27 ms, found 9 plugins.
Preloading 0 native plugins for Editor in 0.00 ms.
Asset Pipeline Refresh (id=9e30f4b669b1b234c8bc6a4b4b26256b): Total: 0.622 seconds - Initiated by StopAssetImportingV2(NoUpdateAssetOptions)
	Summary:
		Imports: total=1 (actual=1, local cache=0, cache server=0)
		Asset DB Process Time: managed=0 ms, native=87 ms
		Asset DB Callback time: managed=505 ms, native=28 ms
		Scripting: domain reloads=0, domain reload time=0 ms, compile time=0 ms, other=0 ms
		Project Asset Count: scripts=4467, non-scripts=30433
		Asset File Changes: new=0, changed=1, moved=0, deleted=0
		Scan Filter Count: 4
	InvokeCustomDependenciesCallbacks: 0.001ms
	InvokePackagesCallback: 0.001ms
	ApplyChangesToAssetFolders: 0.111ms
	Scan: 8.040ms
	OnSourceAssetsModified: 0.614ms
	CategorizeAssetsWithTransientArtifact: 0.008ms
	ProcessAssetsWithTransientArtifactChanges: 0.121ms
	CategorizeAssets: 54.126ms
	ImportOutOfDateAssets: 11.897ms (1.608ms without children)
		ImportManagerImport: 4.314ms (2.152ms without children)
			ImportInProcess: 2.124ms
			UpdateCategorizedAssets: 0.037ms
		ReloadNativeAssets: 0.063ms
		UnloadImportedAssets: 0.191ms
		ReloadImportedAssets: 0.000ms
		EnsureUptoDateAssetsAreRegisteredWithGuidPM: 4.430ms
		InitializingProgressBar: 0.005ms
		PostProcessAllAssetNotificationsAddChangedAssets: 0.001ms
		OnDemandSchedulerStart: 1.286ms
	PostProcessAllAssets: 522.808ms
	Hotreload: 11.151ms
	GatherAllCurrentPrimaryArtifactRevisions: 1.242ms
	UnloadStreamsBegin: 0.059ms
	PersistCurrentRevisions: 1.442ms
	UnloadStreamsEnd: 0.001ms
	Untracked: 10.728ms

[BuildAndCaptureCampaignMap] Successfully saved scene to Assets/Bladehold/Bladehold Scenes/Bladehold Campaign Map Scene.unity
UnityEngine.Debug:ExtractStackTraceNoAlloc (byte*,int,string)
UnityEngine.StackTraceUtility:ExtractStackTrace ()
UnityEngine.DebugLogHandler:Internal_Log (UnityEngine.LogType,UnityEngine.LogOption,string,UnityEngine.Object)
UnityEngine.DebugLogHandler:LogFormat (UnityEngine.LogType,UnityEngine.Object,string,object[])
UnityEngine.Logger:Log (UnityEngine.LogType,object)
UnityEngine.Debug:Log (object)
BuildAndCaptureCampaignMap:BuildScene () (at Assets/Bladehold/Bladehold Scripts/Editor/BuildAndCaptureCampaignMap.cs:228)
BuildAndCaptureCampaignMap:ExecuteAll () (at Assets/Bladehold/Bladehold Scripts/Editor/BuildAndCaptureCampaignMap.cs:34)

(Filename: Assets/Bladehold/Bladehold Scripts/Editor/BuildAndCaptureCampaignMap.cs Line: 228)

[BuildAndCaptureCampaignMap] === Capturing Campaign Progression Screenshots ===
UnityEngine.Debug:ExtractStackTraceNoAlloc (byte*,int,string)
UnityEngine.StackTraceUtility:ExtractStackTrace ()
UnityEngine.DebugLogHandler:Internal_Log (UnityEngine.LogType,UnityEngine.LogOption,string,UnityEngine.Object)
UnityEngine.DebugLogHandler:LogFormat (UnityEngine.LogType,UnityEngine.Object,string,object[])
UnityEngine.Logger:Log (UnityEngine.LogType,object)
UnityEngine.Debug:Log (object)
BuildAndCaptureCampaignMap:CaptureProgressionScreenshots () (at Assets/Bladehold/Bladehold Scripts/Editor/BuildAndCaptureCampaignMap.cs:475)
BuildAndCaptureCampaignMap:ExecuteAll () (at Assets/Bladehold/Bladehold Scripts/Editor/BuildAndCaptureCampaignMap.cs:35)

(Filename: Assets/Bladehold/Bladehold Scripts/Editor/BuildAndCaptureCampaignMap.cs Line: 475)

Opening scene 'Assets/Bladehold/Bladehold Scenes/Bladehold Campaign Map Scene.unity'
Unloading 38 Unused Serialized files (Serialized files now loaded: 0)
Loaded scene 'Assets/Bladehold/Bladehold Scenes/Bladehold Campaign Map Scene.unity'
	Deserialize:            6.765 ms
	Integration:            292.131 ms
	Integration of assets:  0.001 ms
	Thread Wait Time:       5.485 ms
	Total Operation Time:   304.382 ms
Unloading 248 unused Assets / (63.9 MB). Loaded Objects now: 12254.
Memory consumption went from 0.54 GB to 489.2 MB.
Total: 10.276400 ms (FindLiveObjects: 0.715200 ms CreateObjectMapping: 0.740200 ms MarkObjects: 7.984800 ms  DeleteObjects: 0.834700 ms)

[CampaignGraphSO] Built default Castle Campaign Graph: 8 Tiers, 14 Nodes.
UnityEngine.Debug:ExtractStackTraceNoAlloc (byte*,int,string)
UnityEngine.StackTraceUtility:ExtractStackTrace ()
UnityEngine.DebugLogHandler:Internal_Log (UnityEngine.LogType,UnityEngine.LogOption,string,UnityEngine.Object)
UnityEngine.DebugLogHandler:LogFormat (UnityEngine.LogType,UnityEngine.Object,string,object[])
UnityEngine.Logger:Log (UnityEngine.LogType,object)
UnityEngine.Debug:Log (object)
CampaignGraphSO:BuildDefaultGraph () (at Assets/Bladehold/Bladehold Scripts/Campaign/CampaignGraphSO.cs:466)
CampaignGraphSO:CreateDefaultCampaignGraph () (at Assets/Bladehold/Bladehold Scripts/Campaign/CampaignGraphSO.cs:83)
BuildAndCaptureCampaignMap:CaptureProgressionScreenshots () (at Assets/Bladehold/Bladehold Scripts/Editor/BuildAndCaptureCampaignMap.cs:496)
BuildAndCaptureCampaignMap:ExecuteAll () (at Assets/Bladehold/Bladehold Scripts/Editor/BuildAndCaptureCampaignMap.cs:35)

(Filename: Assets/Bladehold/Bladehold Scripts/Campaign/CampaignGraphSO.cs Line: 466)

[CampaignManager] Started brand new Castle Campaign run.
UnityEngine.Debug:ExtractStackTraceNoAlloc (byte*,int,string)
UnityEngine.StackTraceUtility:ExtractStackTrace ()
UnityEngine.DebugLogHandler:Internal_Log (UnityEngine.LogType,UnityEngine.LogOption,string,UnityEngine.Object)
UnityEngine.DebugLogHandler:LogFormat (UnityEngine.LogType,UnityEngine.Object,string,object[])
UnityEngine.Logger:Log (UnityEngine.LogType,object)
UnityEngine.Debug:Log (object)
CampaignManager:StartCampaignRun (CampaignGraphSO) (at Assets/Bladehold/Bladehold Scripts/Campaign/CampaignManager.cs:158)
BuildAndCaptureCampaignMap:CaptureProgressionScreenshots () (at Assets/Bladehold/Bladehold Scripts/Editor/BuildAndCaptureCampaignMap.cs:498)
BuildAndCaptureCampaignMap:ExecuteAll () (at Assets/Bladehold/Bladehold Scripts/Editor/BuildAndCaptureCampaignMap.cs:35)

(Filename: Assets/Bladehold/Bladehold Scripts/Campaign/CampaignManager.cs Line: 158)

[CampaignManager] Started brand new Castle Campaign run.
UnityEngine.Debug:ExtractStackTraceNoAlloc (byte*,int,string)
UnityEngine.StackTraceUtility:ExtractStackTrace ()
UnityEngine.DebugLogHandler:Internal_Log (UnityEngine.LogType,UnityEngine.LogOption,string,UnityEngine.Object)
UnityEngine.DebugLogHandler:LogFormat (UnityEngine.LogType,UnityEngine.Object,string,object[])
UnityEngine.Logger:Log (UnityEngine.LogType,object)
UnityEngine.Debug:Log (object)
CampaignManager:StartCampaignRun (CampaignGraphSO) (at Assets/Bladehold/Bladehold Scripts/Campaign/CampaignManager.cs:158)
BuildAndCaptureCampaignMap:CaptureProgressionScreenshots () (at Assets/Bladehold/Bladehold Scripts/Editor/BuildAndCaptureCampaignMap.cs:503)
BuildAndCaptureCampaignMap:ExecuteAll () (at Assets/Bladehold/Bladehold Scripts/Editor/BuildAndCaptureCampaignMap.cs:35)

(Filename: Assets/Bladehold/Bladehold Scripts/Campaign/CampaignManager.cs Line: 158)

The character with Unicode value \U0001F480 was not found in the [LiberationSans SDF] font asset or any potential fallbacks. It was replaced by Unicode character \u25A1 in text object [CaptainText].
UnityEngine.Debug:ExtractStackTraceNoAlloc (byte*,int,string)
UnityEngine.StackTraceUtility:ExtractStackTrace ()
UnityEngine.DebugLogHandler:Internal_Log (UnityEngine.LogType,UnityEngine.LogOption,string,UnityEngine.Object)
UnityEngine.DebugLogHandler:LogFormat (UnityEngine.LogType,UnityEngine.Object,string,object[])
UnityEngine.Logger:Log (UnityEngine.LogType,object,UnityEngine.Object)
UnityEngine.Debug:LogWarning (object,UnityEngine.Object)
TMPro.TextMeshProUGUI:SetArraySizes (TMPro.TMP_Text/TextProcessingElement[]) (at ./Library/PackageCache/com.unity.ugui@bb329a87fcdc/Runtime/TMP/TextMeshProUGUI.cs:2012)
TMPro.TMP_Text:ParseInputText () (at ./Library/PackageCache/com.unity.ugui@bb329a87fcdc/Runtime/TMP/TMP_Text.cs:2044)
TMPro.TextMeshProUGUI:OnPreRenderCanvas () (at ./Library/PackageCache/com.unity.ugui@bb329a87fcdc/Runtime/TMP/TextMeshProUGUI.cs:2496)
TMPro.TextMeshProUGUI:Rebuild (UnityEngine.UI.CanvasUpdate) (at ./Library/PackageCache/com.unity.ugui@bb329a87fcdc/Runtime/TMP/TextMeshProUGUI.cs:229)
UnityEngine.UI.CanvasUpdateRegistry:PerformUpdate () (at ./Library/PackageCache/com.unity.ugui@bb329a87fcdc/Runtime/UGUI/UI/Core/CanvasUpdateRegistry.cs:215)
UnityEngine.Canvas:SendWillRenderCanvases ()
UnityEngine.Canvas:ForceUpdateCanvases ()
UnityEngine.UI.ScrollRect:EnsureLayoutHasRebuilt () (at ./Library/PackageCache/com.unity.ugui@bb329a87fcdc/Runtime/UGUI/UI/Core/ScrollRect.cs:636)
UnityEngine.UI.ScrollRect:SetNormalizedPosition (single,int) (at ./Library/PackageCache/com.unity.ugui@bb329a87fcdc/Runtime/UGUI/UI/Core/ScrollRect.cs:1064)
UnityEngine.UI.ScrollRect:set_horizontalNormalizedPosition (single) (at ./Library/PackageCache/com.unity.ugui@bb329a87fcdc/Runtime/UGUI/UI/Core/ScrollRect.cs:1009)
CampaignMapUI:FocusOnNode (UnityEngine.RectTransform) (at Assets/Bladehold/Bladehold Scripts/Campaign/CampaignMapUI.cs:398)
CampaignMapUI:BuildMap () (at Assets/Bladehold/Bladehold Scripts/Campaign/CampaignMapUI.cs:196)
BuildAndCaptureCampaignMap:CaptureProgressionScreenshots () (at Assets/Bladehold/Bladehold Scripts/Editor/BuildAndCaptureCampaignMap.cs:504)
BuildAndCaptureCampaignMap:ExecuteAll () (at Assets/Bladehold/Bladehold Scripts/Editor/BuildAndCaptureCampaignMap.cs:35)

(Filename: ./Library/PackageCache/com.unity.ugui@bb329a87fcdc/Runtime/TMP/TextMeshProUGUI.cs Line: 2012)

The character with Unicode value \U0001F480 was not found in the [LiberationSans SDF] font asset or any potential fallbacks. It was replaced by Unicode character \u25A1 in text object [CaptainText].
UnityEngine.Debug:ExtractStackTraceNoAlloc (byte*,int,string)
UnityEngine.StackTraceUtility:ExtractStackTrace ()
UnityEngine.DebugLogHandler:Internal_Log (UnityEngine.LogType,UnityEngine.LogOption,string,UnityEngine.Object)
UnityEngine.DebugLogHandler:LogFormat (UnityEngine.LogType,UnityEngine.Object,string,object[])
UnityEngine.Logger:Log (UnityEngine.LogType,object,UnityEngine.Object)
UnityEngine.Debug:LogWarning (object,UnityEngine.Object)
TMPro.TextMeshProUGUI:SetArraySizes (TMPro.TMP_Text/TextProcessingElement[]) (at ./Library/PackageCache/com.unity.ugui@bb329a87fcdc/Runtime/TMP/TextMeshProUGUI.cs:2012)
TMPro.TMP_Text:ParseInputText () (at ./Library/PackageCache/com.unity.ugui@bb329a87fcdc/Runtime/TMP/TMP_Text.cs:2044)
TMPro.TextMeshProUGUI:OnPreRenderCanvas () (at ./Library/PackageCache/com.unity.ugui@bb329a87fcdc/Runtime/TMP/TextMeshProUGUI.cs:2496)
TMPro.TextMeshProUGUI:Rebuild (UnityEngine.UI.CanvasUpdate) (at ./Library/PackageCache/com.unity.ugui@bb329a87fcdc/Runtime/TMP/TextMeshProUGUI.cs:229)
UnityEngine.UI.CanvasUpdateRegistry:PerformUpdate () (at ./Library/PackageCache/com.unity.ugui@bb329a87fcdc/Runtime/UGUI/UI/Core/CanvasUpdateRegistry.cs:215)
UnityEngine.Canvas:SendWillRenderCanvases ()
UnityEngine.Canvas:ForceUpdateCanvases ()
UnityEngine.UI.ScrollRect:EnsureLayoutHasRebuilt () (at ./Library/PackageCache/com.unity.ugui@bb329a87fcdc/Runtime/UGUI/UI/Core/ScrollRect.cs:636)
UnityEngine.UI.ScrollRect:SetNormalizedPosition (single,int) (at ./Library/PackageCache/com.unity.ugui@bb329a87fcdc/Runtime/UGUI/UI/Core/ScrollRect.cs:1064)
UnityEngine.UI.ScrollRect:set_horizontalNormalizedPosition (single) (at ./Library/PackageCache/com.unity.ugui@bb329a87fcdc/Runtime/UGUI/UI/Core/ScrollRect.cs:1009)
CampaignMapUI:FocusOnNode (UnityEngine.RectTransform) (at Assets/Bladehold/Bladehold Scripts/Campaign/CampaignMapUI.cs:398)
CampaignMapUI:BuildMap () (at Assets/Bladehold/Bladehold Scripts/Campaign/CampaignMapUI.cs:196)
BuildAndCaptureCampaignMap:CaptureProgressionScreenshots () (at Assets/Bladehold/Bladehold Scripts/Editor/BuildAndCaptureCampaignMap.cs:504)
BuildAndCaptureCampaignMap:ExecuteAll () (at Assets/Bladehold/Bladehold Scripts/Editor/BuildAndCaptureCampaignMap.cs:35)

(Filename: ./Library/PackageCache/com.unity.ugui@bb329a87fcdc/Runtime/TMP/TextMeshProUGUI.cs Line: 2012)

The character with Unicode value \U0001F480 was not found in the [LiberationSans SDF] font asset or any potential fallbacks. It was replaced by Unicode character \u25A1 in text object [CaptainText].
UnityEngine.Debug:ExtractStackTraceNoAlloc (byte*,int,string)
UnityEngine.StackTraceUtility:ExtractStackTrace ()
UnityEngine.DebugLogHandler:Internal_Log (UnityEngine.LogType,UnityEngine.LogOption,string,UnityEngine.Object)
UnityEngine.DebugLogHandler:LogFormat (UnityEngine.LogType,UnityEngine.Object,string,object[])
UnityEngine.Logger:Log (UnityEngine.LogType,object,UnityEngine.Object)
UnityEngine.Debug:LogWarning (object,UnityEngine.Object)
TMPro.TextMeshProUGUI:SetArraySizes (TMPro.TMP_Text/TextProcessingElement[]) (at ./Library/PackageCache/com.unity.ugui@bb329a87fcdc/Runtime/TMP/TextMeshProUGUI.cs:2012)
TMPro.TMP_Text:ParseInputText () (at ./Library/PackageCache/com.unity.ugui@bb329a87fcdc/Runtime/TMP/TMP_Text.cs:2044)
TMPro.TextMeshProUGUI:OnPreRenderCanvas () (at ./Library/PackageCache/com.unity.ugui@bb329a87fcdc/Runtime/TMP/TextMeshProUGUI.cs:2496)
TMPro.TextMeshProUGUI:Rebuild (UnityEngine.UI.CanvasUpdate) (at ./Library/PackageCache/com.unity.ugui@bb329a87fcdc/Runtime/TMP/TextMeshProUGUI.cs:229)
UnityEngine.UI.CanvasUpdateRegistry:PerformUpdate () (at ./Library/PackageCache/com.unity.ugui@bb329a87fcdc/Runtime/UGUI/UI/Core/CanvasUpdateRegistry.cs:215)
UnityEngine.Canvas:SendWillRenderCanvases ()
UnityEngine.Canvas:ForceUpdateCanvases ()
UnityEngine.UI.ScrollRect:EnsureLayoutHasRebuilt () (at ./Library/PackageCache/com.unity.ugui@bb329a87fcdc/Runtime/UGUI/UI/Core/ScrollRect.cs:636)
UnityEngine.UI.ScrollRect:SetNormalizedPosition (single,int) (at ./Library/PackageCache/com.unity.ugui@bb329a87fcdc/Runtime/UGUI/UI/Core/ScrollRect.cs:1064)
UnityEngine.UI.ScrollRect:set_horizontalNormalizedPosition (single) (at ./Library/PackageCache/com.unity.ugui@bb329a87fcdc/Runtime/UGUI/UI/Core/ScrollRect.cs:1009)
CampaignMapUI:FocusOnNode (UnityEngine.RectTransform) (at Assets/Bladehold/Bladehold Scripts/Campaign/CampaignMapUI.cs:398)
CampaignMapUI:BuildMap () (at Assets/Bladehold/Bladehold Scripts/Campaign/CampaignMapUI.cs:196)
BuildAndCaptureCampaignMap:CaptureProgressionScreenshots () (at Assets/Bladehold/Bladehold Scripts/Editor/BuildAndCaptureCampaignMap.cs:504)
BuildAndCaptureCampaignMap:ExecuteAll () (at Assets/Bladehold/Bladehold Scripts/Editor/BuildAndCaptureCampaignMap.cs:35)

(Filename: ./Library/PackageCache/com.unity.ugui@bb329a87fcdc/Runtime/TMP/TextMeshProUGUI.cs Line: 2012)

The character with Unicode value \U0001F480 was not found in the [LiberationSans SDF] font asset or any potential fallbacks. It was replaced by Unicode character \u25A1 in text object [CaptainText].
UnityEngine.Debug:ExtractStackTraceNoAlloc (byte*,int,string)
UnityEngine.StackTraceUtility:ExtractStackTrace ()
UnityEngine.DebugLogHandler:Internal_Log (UnityEngine.LogType,UnityEngine.LogOption,string,UnityEngine.Object)
UnityEngine.DebugLogHandler:LogFormat (UnityEngine.LogType,UnityEngine.Object,string,object[])
UnityEngine.Logger:Log (UnityEngine.LogType,object,UnityEngine.Object)
UnityEngine.Debug:LogWarning (object,UnityEngine.Object)
TMPro.TextMeshProUGUI:SetArraySizes (TMPro.TMP_Text/TextProcessingElement[]) (at ./Library/PackageCache/com.unity.ugui@bb329a87fcdc/Runtime/TMP/TextMeshProUGUI.cs:2012)
TMPro.TMP_Text:ParseInputText () (at ./Library/PackageCache/com.unity.ugui@bb329a87fcdc/Runtime/TMP/TMP_Text.cs:2044)
TMPro.TextMeshProUGUI:OnPreRenderCanvas () (at ./Library/PackageCache/com.unity.ugui@bb329a87fcdc/Runtime/TMP/TextMeshProUGUI.cs:2496)
TMPro.TextMeshProUGUI:Rebuild (UnityEngine.UI.CanvasUpdate) (at ./Library/PackageCache/com.unity.ugui@bb329a87fcdc/Runtime/TMP/TextMeshProUGUI.cs:229)
UnityEngine.UI.CanvasUpdateRegistry:PerformUpdate () (at ./Library/PackageCache/com.unity.ugui@bb329a87fcdc/Runtime/UGUI/UI/Core/CanvasUpdateRegistry.cs:215)
UnityEngine.Canvas:SendWillRenderCanvases ()
UnityEngine.Canvas:ForceUpdateCanvases ()
UnityEngine.UI.ScrollRect:EnsureLayoutHasRebuilt () (at ./Library/PackageCache/com.unity.ugui@bb329a87fcdc/Runtime/UGUI/UI/Core/ScrollRect.cs:636)
UnityEngine.UI.ScrollRect:SetNormalizedPosition (single,int) (at ./Library/PackageCache/com.unity.ugui@bb329a87fcdc/Runtime/UGUI/UI/Core/ScrollRect.cs:1064)
UnityEngine.UI.ScrollRect:set_horizontalNormalizedPosition (single) (at ./Library/PackageCache/com.unity.ugui@bb329a87fcdc/Runtime/UGUI/UI/Core/ScrollRect.cs:1009)
CampaignMapUI:FocusOnNode (UnityEngine.RectTransform) (at Assets/Bladehold/Bladehold Scripts/Campaign/CampaignMapUI.cs:398)
CampaignMapUI:BuildMap () (at Assets/Bladehold/Bladehold Scripts/Campaign/CampaignMapUI.cs:196)
BuildAndCaptureCampaignMap:CaptureProgressionScreenshots () (at Assets/Bladehold/Bladehold Scripts/Editor/BuildAndCaptureCampaignMap.cs:504)
BuildAndCaptureCampaignMap:ExecuteAll () (at Assets/Bladehold/Bladehold Scripts/Editor/BuildAndCaptureCampaignMap.cs:35)

(Filename: ./Library/PackageCache/com.unity.ugui@bb329a87fcdc/Runtime/TMP/TextMeshProUGUI.cs Line: 2012)

The character with Unicode value \U0001F480 was not found in the [LiberationSans SDF] font asset or any potential fallbacks. It was replaced by Unicode character \u25A1 in text object [CaptainText].
UnityEngine.Debug:ExtractStackTraceNoAlloc (byte*,int,string)
UnityEngine.StackTraceUtility:ExtractStackTrace ()
UnityEngine.DebugLogHandler:Internal_Log (UnityEngine.LogType,UnityEngine.LogOption,string,UnityEngine.Object)
UnityEngine.DebugLogHandler:LogFormat (UnityEngine.LogType,UnityEngine.Object,string,object[])
UnityEngine.Logger:Log (UnityEngine.LogType,object,UnityEngine.Object)
UnityEngine.Debug:LogWarning (object,UnityEngine.Object)
TMPro.TextMeshProUGUI:SetArraySizes (TMPro.TMP_Text/TextProcessingElement[]) (at ./Library/PackageCache/com.unity.ugui@bb329a87fcdc/Runtime/TMP/TextMeshProUGUI.cs:2012)
TMPro.TMP_Text:ParseInputText () (at ./Library/PackageCache/com.unity.ugui@bb329a87fcdc/Runtime/TMP/TMP_Text.cs:2044)
TMPro.TextMeshProUGUI:OnPreRenderCanvas () (at ./Library/PackageCache/com.unity.ugui@bb329a87fcdc/Runtime/TMP/TextMeshProUGUI.cs:2496)
TMPro.TextMeshProUGUI:Rebuild (UnityEngine.UI.CanvasUpdate) (at ./Library/PackageCache/com.unity.ugui@bb329a87fcdc/Runtime/TMP/TextMeshProUGUI.cs:229)
UnityEngine.UI.CanvasUpdateRegistry:PerformUpdate () (at ./Library/PackageCache/com.unity.ugui@bb329a87fcdc/Runtime/UGUI/UI/Core/CanvasUpdateRegistry.cs:215)
UnityEngine.Canvas:SendWillRenderCanvases ()
UnityEngine.Canvas:ForceUpdateCanvases ()
UnityEngine.UI.ScrollRect:EnsureLayoutHasRebuilt () (at ./Library/PackageCache/com.unity.ugui@bb329a87fcdc/Runtime/UGUI/UI/Core/ScrollRect.cs:636)
UnityEngine.UI.ScrollRect:SetNormalizedPosition (single,int) (at ./Library/PackageCache/com.unity.ugui@bb329a87fcdc/Runtime/UGUI/UI/Core/ScrollRect.cs:1064)
UnityEngine.UI.ScrollRect:set_horizontalNormalizedPosition (single) (at ./Library/PackageCache/com.unity.ugui@bb329a87fcdc/Runtime/UGUI/UI/Core/ScrollRect.cs:1009)
CampaignMapUI:FocusOnNode (UnityEngine.RectTransform) (at Assets/Bladehold/Bladehold Scripts/Campaign/CampaignMapUI.cs:398)
CampaignMapUI:BuildMap () (at Assets/Bladehold/Bladehold Scripts/Campaign/CampaignMapUI.cs:196)
BuildAndCaptureCampaignMap:CaptureProgressionScreenshots () (at Assets/Bladehold/Bladehold Scripts/Editor/BuildAndCaptureCampaignMap.cs:504)
BuildAndCaptureCampaignMap:ExecuteAll () (at Assets/Bladehold/Bladehold Scripts/Editor/BuildAndCaptureCampaignMap.cs:35)

(Filename: ./Library/PackageCache/com.unity.ugui@bb329a87fcdc/Runtime/TMP/TextMeshProUGUI.cs Line: 2012)

The character with Unicode value \U0001F480 was not found in the [LiberationSans SDF] font asset or any potential fallbacks. It was replaced by Unicode character \u25A1 in text object [CaptainText].
UnityEngine.Debug:ExtractStackTraceNoAlloc (byte*,int,string)
UnityEngine.StackTraceUtility:ExtractStackTrace ()
UnityEngine.DebugLogHandler:Internal_Log (UnityEngine.LogType,UnityEngine.LogOption,string,UnityEngine.Object)
UnityEngine.DebugLogHandler:LogFormat (UnityEngine.LogType,UnityEngine.Object,string,object[])
UnityEngine.Logger:Log (UnityEngine.LogType,object,UnityEngine.Object)
UnityEngine.Debug:LogWarning (object,UnityEngine.Object)
TMPro.TextMeshProUGUI:SetArraySizes (TMPro.TMP_Text/TextProcessingElement[]) (at ./Library/PackageCache/com.unity.ugui@bb329a87fcdc/Runtime/TMP/TextMeshProUGUI.cs:2012)
TMPro.TMP_Text:ParseInputText () (at ./Library/PackageCache/com.unity.ugui@bb329a87fcdc/Runtime/TMP/TMP_Text.cs:2044)
TMPro.TextMeshProUGUI:OnPreRenderCanvas () (at ./Library/PackageCache/com.unity.ugui@bb329a87fcdc/Runtime/TMP/TextMeshProUGUI.cs:2496)
TMPro.TextMeshProUGUI:Rebuild (UnityEngine.UI.CanvasUpdate) (at ./Library/PackageCache/com.unity.ugui@bb329a87fcdc/Runtime/TMP/TextMeshProUGUI.cs:229)
UnityEngine.UI.CanvasUpdateRegistry:PerformUpdate () (at ./Library/PackageCache/com.unity.ugui@bb329a87fcdc/Runtime/UGUI/UI/Core/CanvasUpdateRegistry.cs:215)
UnityEngine.Canvas:SendWillRenderCanvases ()
UnityEngine.Canvas:ForceUpdateCanvases ()
UnityEngine.UI.ScrollRect:EnsureLayoutHasRebuilt () (at ./Library/PackageCache/com.unity.ugui@bb329a87fcdc/Runtime/UGUI/UI/Core/ScrollRect.cs:636)
UnityEngine.UI.ScrollRect:SetNormalizedPosition (single,int) (at ./Library/PackageCache/com.unity.ugui@bb329a87fcdc/Runtime/UGUI/UI/Core/ScrollRect.cs:1064)
UnityEngine.UI.ScrollRect:set_horizontalNormalizedPosition (single) (at ./Library/PackageCache/com.unity.ugui@bb329a87fcdc/Runtime/UGUI/UI/Core/ScrollRect.cs:1009)
CampaignMapUI:FocusOnNode (UnityEngine.RectTransform) (at Assets/Bladehold/Bladehold Scripts/Campaign/CampaignMapUI.cs:398)
CampaignMapUI:BuildMap () (at Assets/Bladehold/Bladehold Scripts/Campaign/CampaignMapUI.cs:196)
BuildAndCaptureCampaignMap:CaptureProgressionScreenshots () (at Assets/Bladehold/Bladehold Scripts/Editor/BuildAndCaptureCampaignMap.cs:504)
BuildAndCaptureCampaignMap:ExecuteAll () (at Assets/Bladehold/Bladehold Scripts/Editor/BuildAndCaptureCampaignMap.cs:35)

(Filename: ./Library/PackageCache/com.unity.ugui@bb329a87fcdc/Runtime/TMP/TextMeshProUGUI.cs Line: 2012)

The character with Unicode value \U0001F480 was not found in the [LiberationSans SDF] font asset or any potential fallbacks. It was replaced by Unicode character \u25A1 in text object [CaptainText].
UnityEngine.Debug:ExtractStackTraceNoAlloc (byte*,int,string)
UnityEngine.StackTraceUtility:ExtractStackTrace ()
UnityEngine.DebugLogHandler:Internal_Log (UnityEngine.LogType,UnityEngine.LogOption,string,UnityEngine.Object)
UnityEngine.DebugLogHandler:LogFormat (UnityEngine.LogType,UnityEngine.Object,string,object[])
UnityEngine.Logger:Log (UnityEngine.LogType,object,UnityEngine.Object)
UnityEngine.Debug:LogWarning (object,UnityEngine.Object)
TMPro.TextMeshProUGUI:SetArraySizes (TMPro.TMP_Text/TextProcessingElement[]) (at ./Library/PackageCache/com.unity.ugui@bb329a87fcdc/Runtime/TMP/TextMeshProUGUI.cs:2012)
TMPro.TMP_Text:ParseInputText () (at ./Library/PackageCache/com.unity.ugui@bb329a87fcdc/Runtime/TMP/TMP_Text.cs:2044)
TMPro.TextMeshProUGUI:OnPreRenderCanvas () (at ./Library/PackageCache/com.unity.ugui@bb329a87fcdc/Runtime/TMP/TextMeshProUGUI.cs:2496)
TMPro.TextMeshProUGUI:Rebuild (UnityEngine.UI.CanvasUpdate) (at ./Library/PackageCache/com.unity.ugui@bb329a87fcdc/Runtime/TMP/TextMeshProUGUI.cs:229)
UnityEngine.UI.CanvasUpdateRegistry:PerformUpdate () (at ./Library/PackageCache/com.unity.ugui@bb329a87fcdc/Runtime/UGUI/UI/Core/CanvasUpdateRegistry.cs:215)
UnityEngine.Canvas:SendWillRenderCanvases ()
UnityEngine.Canvas:ForceUpdateCanvases ()
UnityEngine.UI.ScrollRect:EnsureLayoutHasRebuilt () (at ./Library/PackageCache/com.unity.ugui@bb329a87fcdc/Runtime/UGUI/UI/Core/ScrollRect.cs:636)
UnityEngine.UI.ScrollRect:SetNormalizedPosition (single,int) (at ./Library/PackageCache/com.unity.ugui@bb329a87fcdc/Runtime/UGUI/UI/Core/ScrollRect.cs:1064)
UnityEngine.UI.ScrollRect:set_horizontalNormalizedPosition (single) (at ./Library/PackageCache/com.unity.ugui@bb329a87fcdc/Runtime/UGUI/UI/Core/ScrollRect.cs:1009)
CampaignMapUI:FocusOnNode (UnityEngine.RectTransform) (at Assets/Bladehold/Bladehold Scripts/Campaign/CampaignMapUI.cs:398)
CampaignMapUI:BuildMap () (at Assets/Bladehold/Bladehold Scripts/Campaign/CampaignMapUI.cs:196)
BuildAndCaptureCampaignMap:CaptureProgressionScreenshots () (at Assets/Bladehold/Bladehold Scripts/Editor/BuildAndCaptureCampaignMap.cs:504)
BuildAndCaptureCampaignMap:ExecuteAll () (at Assets/Bladehold/Bladehold Scripts/Editor/BuildAndCaptureCampaignMap.cs:35)

(Filename: ./Library/PackageCache/com.unity.ugui@bb329a87fcdc/Runtime/TMP/TextMeshProUGUI.cs Line: 2012)

The character with Unicode value \U0001F480 was not found in the [LiberationSans SDF] font asset or any potential fallbacks. It was replaced by Unicode character \u25A1 in text object [CaptainText].
UnityEngine.Debug:ExtractStackTraceNoAlloc (byte*,int,string)
UnityEngine.StackTraceUtility:ExtractStackTrace ()
UnityEngine.DebugLogHandler:Internal_Log (UnityEngine.LogType,UnityEngine.LogOption,string,UnityEngine.Object)
UnityEngine.DebugLogHandler:LogFormat (UnityEngine.LogType,UnityEngine.Object,string,object[])
UnityEngine.Logger:Log (UnityEngine.LogType,object,UnityEngine.Object)
UnityEngine.Debug:LogWarning (object,UnityEngine.Object)
TMPro.TextMeshProUGUI:SetArraySizes (TMPro.TMP_Text/TextProcessingElement[]) (at ./Library/PackageCache/com.unity.ugui@bb329a87fcdc/Runtime/TMP/TextMeshProUGUI.cs:2012)
TMPro.TMP_Text:ParseInputText () (at ./Library/PackageCache/com.unity.ugui@bb329a87fcdc/Runtime/TMP/TMP_Text.cs:2044)
TMPro.TextMeshProUGUI:OnPreRenderCanvas () (at ./Library/PackageCache/com.unity.ugui@bb329a87fcdc/Runtime/TMP/TextMeshProUGUI.cs:2496)
TMPro.TextMeshProUGUI:Rebuild (UnityEngine.UI.CanvasUpdate) (at ./Library/PackageCache/com.unity.ugui@bb329a87fcdc/Runtime/TMP/TextMeshProUGUI.cs:229)
UnityEngine.UI.CanvasUpdateRegistry:PerformUpdate () (at ./Library/PackageCache/com.unity.ugui@bb329a87fcdc/Runtime/UGUI/UI/Core/CanvasUpdateRegistry.cs:215)
UnityEngine.Canvas:SendWillRenderCanvases ()
UnityEngine.Canvas:ForceUpdateCanvases ()
UnityEngine.UI.ScrollRect:EnsureLayoutHasRebuilt () (at ./Library/PackageCache/com.unity.ugui@bb329a87fcdc/Runtime/UGUI/UI/Core/ScrollRect.cs:636)
UnityEngine.UI.ScrollRect:SetNormalizedPosition (single,int) (at ./Library/PackageCache/com.unity.ugui@bb329a87fcdc/Runtime/UGUI/UI/Core/ScrollRect.cs:1064)
UnityEngine.UI.ScrollRect:set_horizontalNormalizedPosition (single) (at ./Library/PackageCache/com.unity.ugui@bb329a87fcdc/Runtime/UGUI/UI/Core/ScrollRect.cs:1009)
CampaignMapUI:FocusOnNode (UnityEngine.RectTransform) (at Assets/Bladehold/Bladehold Scripts/Campaign/CampaignMapUI.cs:398)
CampaignMapUI:BuildMap () (at Assets/Bladehold/Bladehold Scripts/Campaign/CampaignMapUI.cs:196)
BuildAndCaptureCampaignMap:CaptureProgressionScreenshots () (at Assets/Bladehold/Bladehold Scripts/Editor/BuildAndCaptureCampaignMap.cs:504)
BuildAndCaptureCampaignMap:ExecuteAll () (at Assets/Bladehold/Bladehold Scripts/Editor/BuildAndCaptureCampaignMap.cs:35)

(Filename: ./Library/PackageCache/com.unity.ugui@bb329a87fcdc/Runtime/TMP/TextMeshProUGUI.cs Line: 2012)

The character with Unicode value \U0001F480 was not found in the [LiberationSans SDF] font asset or any potential fallbacks. It was replaced by Unicode character \u25A1 in text object [CaptainText].
UnityEngine.Debug:ExtractStackTraceNoAlloc (byte*,int,string)
UnityEngine.StackTraceUtility:ExtractStackTrace ()
UnityEngine.DebugLogHandler:Internal_Log (UnityEngine.LogType,UnityEngine.LogOption,string,UnityEngine.Object)
UnityEngine.DebugLogHandler:LogFormat (UnityEngine.LogType,UnityEngine.Object,string,object[])
UnityEngine.Logger:Log (UnityEngine.LogType,object,UnityEngine.Object)
UnityEngine.Debug:LogWarning (object,UnityEngine.Object)
TMPro.TextMeshProUGUI:SetArraySizes (TMPro.TMP_Text/TextProcessingElement[]) (at ./Library/PackageCache/com.unity.ugui@bb329a87fcdc/Runtime/TMP/TextMeshProUGUI.cs:2012)
TMPro.TMP_Text:ParseInputText () (at ./Library/PackageCache/com.unity.ugui@bb329a87fcdc/Runtime/TMP/TMP_Text.cs:2044)
TMPro.TextMeshProUGUI:OnPreRenderCanvas () (at ./Library/PackageCache/com.unity.ugui@bb329a87fcdc/Runtime/TMP/TextMeshProUGUI.cs:2496)
TMPro.TextMeshProUGUI:Rebuild (UnityEngine.UI.CanvasUpdate) (at ./Library/PackageCache/com.unity.ugui@bb329a87fcdc/Runtime/TMP/TextMeshProUGUI.cs:229)
UnityEngine.UI.CanvasUpdateRegistry:PerformUpdate () (at ./Library/PackageCache/com.unity.ugui@bb329a87fcdc/Runtime/UGUI/UI/Core/CanvasUpdateRegistry.cs:215)
UnityEngine.Canvas:SendWillRenderCanvases ()
UnityEngine.Canvas:ForceUpdateCanvases ()
UnityEngine.UI.ScrollRect:EnsureLayoutHasRebuilt () (at ./Library/PackageCache/com.unity.ugui@bb329a87fcdc/Runtime/UGUI/UI/Core/ScrollRect.cs:636)
UnityEngine.UI.ScrollRect:SetNormalizedPosition (single,int) (at ./Library/PackageCache/com.unity.ugui@bb329a87fcdc/Runtime/UGUI/UI/Core/ScrollRect.cs:1064)
UnityEngine.UI.ScrollRect:set_horizontalNormalizedPosition (single) (at ./Library/PackageCache/com.unity.ugui@bb329a87fcdc/Runtime/UGUI/UI/Core/ScrollRect.cs:1009)
CampaignMapUI:FocusOnNode (UnityEngine.RectTransform) (at Assets/Bladehold/Bladehold Scripts/Campaign/CampaignMapUI.cs:398)
CampaignMapUI:BuildMap () (at Assets/Bladehold/Bladehold Scripts/Campaign/CampaignMapUI.cs:196)
BuildAndCaptureCampaignMap:CaptureProgressionScreenshots () (at Assets/Bladehold/Bladehold Scripts/Editor/BuildAndCaptureCampaignMap.cs:504)
BuildAndCaptureCampaignMap:ExecuteAll () (at Assets/Bladehold/Bladehold Scripts/Editor/BuildAndCaptureCampaignMap.cs:35)

(Filename: ./Library/PackageCache/com.unity.ugui@bb329a87fcdc/Runtime/TMP/TextMeshProUGUI.cs Line: 2012)

The character with Unicode value \U0001F480 was not found in the [LiberationSans SDF] font asset or any potential fallbacks. It was replaced by Unicode character \u25A1 in text object [CaptainText].
UnityEngine.Debug:ExtractStackTraceNoAlloc (byte*,int,string)
UnityEngine.StackTraceUtility:ExtractStackTrace ()
UnityEngine.DebugLogHandler:Internal_Log (UnityEngine.LogType,UnityEngine.LogOption,string,UnityEngine.Object)
UnityEngine.DebugLogHandler:LogFormat (UnityEngine.LogType,UnityEngine.Object,string,object[])
UnityEngine.Logger:Log (UnityEngine.LogType,object,UnityEngine.Object)
UnityEngine.Debug:LogWarning (object,UnityEngine.Object)
TMPro.TextMeshProUGUI:SetArraySizes (TMPro.TMP_Text/TextProcessingElement[]) (at ./Library/PackageCache/com.unity.ugui@bb329a87fcdc/Runtime/TMP/TextMeshProUGUI.cs:2012)
TMPro.TMP_Text:ParseInputText () (at ./Library/PackageCache/com.unity.ugui@bb329a87fcdc/Runtime/TMP/TMP_Text.cs:2044)
TMPro.TextMeshProUGUI:OnPreRenderCanvas () (at ./Library/PackageCache/com.unity.ugui@bb329a87fcdc/Runtime/TMP/TextMeshProUGUI.cs:2496)
TMPro.TextMeshProUGUI:Rebuild (UnityEngine.UI.CanvasUpdate) (at ./Library/PackageCache/com.unity.ugui@bb329a87fcdc/Runtime/TMP/TextMeshProUGUI.cs:229)
UnityEngine.UI.CanvasUpdateRegistry:PerformUpdate () (at ./Library/PackageCache/com.unity.ugui@bb329a87fcdc/Runtime/UGUI/UI/Core/CanvasUpdateRegistry.cs:215)
UnityEngine.Canvas:SendWillRenderCanvases ()
UnityEngine.Canvas:ForceUpdateCanvases ()
UnityEngine.UI.ScrollRect:EnsureLayoutHasRebuilt () (at ./Library/PackageCache/com.unity.ugui@bb329a87fcdc/Runtime/UGUI/UI/Core/ScrollRect.cs:636)
UnityEngine.UI.ScrollRect:SetNormalizedPosition (single,int) (at ./Library/PackageCache/com.unity.ugui@bb329a87fcdc/Runtime/UGUI/UI/Core/ScrollRect.cs:1064)
UnityEngine.UI.ScrollRect:set_horizontalNormalizedPosition (single) (at ./Library/PackageCache/com.unity.ugui@bb329a87fcdc/Runtime/UGUI/UI/Core/ScrollRect.cs:1009)
CampaignMapUI:FocusOnNode (UnityEngine.RectTransform) (at Assets/Bladehold/Bladehold Scripts/Campaign/CampaignMapUI.cs:398)
CampaignMapUI:BuildMap () (at Assets/Bladehold/Bladehold Scripts/Campaign/CampaignMapUI.cs:196)
BuildAndCaptureCampaignMap:CaptureProgressionScreenshots () (at Assets/Bladehold/Bladehold Scripts/Editor/BuildAndCaptureCampaignMap.cs:504)
BuildAndCaptureCampaignMap:ExecuteAll () (at Assets/Bladehold/Bladehold Scripts/Editor/BuildAndCaptureCampaignMap.cs:35)

(Filename: ./Library/PackageCache/com.unity.ugui@bb329a87fcdc/Runtime/TMP/TextMeshProUGUI.cs Line: 2012)

The character with Unicode value \U0001F480 was not found in the [LiberationSans SDF] font asset or any potential fallbacks. It was replaced by Unicode character \u25A1 in text object [CaptainText].
UnityEngine.Debug:ExtractStackTraceNoAlloc (byte*,int,string)
UnityEngine.StackTraceUtility:ExtractStackTrace ()
UnityEngine.DebugLogHandler:Internal_Log (UnityEngine.LogType,UnityEngine.LogOption,string,UnityEngine.Object)
UnityEngine.DebugLogHandler:LogFormat (UnityEngine.LogType,UnityEngine.Object,string,object[])
UnityEngine.Logger:Log (UnityEngine.LogType,object,UnityEngine.Object)
UnityEngine.Debug:LogWarning (object,UnityEngine.Object)
TMPro.TextMeshProUGUI:SetArraySizes (TMPro.TMP_Text/TextProcessingElement[]) (at ./Library/PackageCache/com.unity.ugui@bb329a87fcdc/Runtime/TMP/TextMeshProUGUI.cs:2012)
TMPro.TMP_Text:ParseInputText () (at ./Library/PackageCache/com.unity.ugui@bb329a87fcdc/Runtime/TMP/TMP_Text.cs:2044)
TMPro.TextMeshProUGUI:OnPreRenderCanvas () (at ./Library/PackageCache/com.unity.ugui@bb329a87fcdc/Runtime/TMP/TextMeshProUGUI.cs:2496)
TMPro.TextMeshProUGUI:Rebuild (UnityEngine.UI.CanvasUpdate) (at ./Library/PackageCache/com.unity.ugui@bb329a87fcdc/Runtime/TMP/TextMeshProUGUI.cs:229)
UnityEngine.UI.CanvasUpdateRegistry:PerformUpdate () (at ./Library/PackageCache/com.unity.ugui@bb329a87fcdc/Runtime/UGUI/UI/Core/CanvasUpdateRegistry.cs:215)
UnityEngine.Canvas:SendWillRenderCanvases ()
UnityEngine.Canvas:ForceUpdateCanvases ()
UnityEngine.UI.ScrollRect:EnsureLayoutHasRebuilt () (at ./Library/PackageCache/com.unity.ugui@bb329a87fcdc/Runtime/UGUI/UI/Core/ScrollRect.cs:636)
UnityEngine.UI.ScrollRect:SetNormalizedPosition (single,int) (at ./Library/PackageCache/com.unity.ugui@bb329a87fcdc/Runtime/UGUI/UI/Core/ScrollRect.cs:1064)
UnityEngine.UI.ScrollRect:set_horizontalNormalizedPosition (single) (at ./Library/PackageCache/com.unity.ugui@bb329a87fcdc/Runtime/UGUI/UI/Core/ScrollRect.cs:1009)
CampaignMapUI:FocusOnNode (UnityEngine.RectTransform) (at Assets/Bladehold/Bladehold Scripts/Campaign/CampaignMapUI.cs:398)
CampaignMapUI:BuildMap () (at Assets/Bladehold/Bladehold Scripts/Campaign/CampaignMapUI.cs:196)
BuildAndCaptureCampaignMap:CaptureProgressionScreenshots () (at Assets/Bladehold/Bladehold Scripts/Editor/BuildAndCaptureCampaignMap.cs:504)
BuildAndCaptureCampaignMap:ExecuteAll () (at Assets/Bladehold/Bladehold Scripts/Editor/BuildAndCaptureCampaignMap.cs:35)

(Filename: ./Library/PackageCache/com.unity.ugui@bb329a87fcdc/Runtime/TMP/TextMeshProUGUI.cs Line: 2012)

The character with Unicode value \U0001F480 was not found in the [LiberationSans SDF] font asset or any potential fallbacks. It was replaced by Unicode character \u25A1 in text object [CaptainText].
UnityEngine.Debug:ExtractStackTraceNoAlloc (byte*,int,string)
UnityEngine.StackTraceUtility:ExtractStackTrace ()
UnityEngine.DebugLogHandler:Internal_Log (UnityEngine.LogType,UnityEngine.LogOption,string,UnityEngine.Object)
UnityEngine.DebugLogHandler:LogFormat (UnityEngine.LogType,UnityEngine.Object,string,object[])
UnityEngine.Logger:Log (UnityEngine.LogType,object,UnityEngine.Object)
UnityEngine.Debug:LogWarning (object,UnityEngine.Object)
TMPro.TextMeshProUGUI:SetArraySizes (TMPro.TMP_Text/TextProcessingElement[]) (at ./Library/PackageCache/com.unity.ugui@bb329a87fcdc/Runtime/TMP/TextMeshProUGUI.cs:2012)
TMPro.TMP_Text:ParseInputText () (at ./Library/PackageCache/com.unity.ugui@bb329a87fcdc/Runtime/TMP/TMP_Text.cs:2044)
TMPro.TextMeshProUGUI:OnPreRenderCanvas () (at ./Library/PackageCache/com.unity.ugui@bb329a87fcdc/Runtime/TMP/TextMeshProUGUI.cs:2496)
TMPro.TextMeshProUGUI:Rebuild (UnityEngine.UI.CanvasUpdate) (at ./Library/PackageCache/com.unity.ugui@bb329a87fcdc/Runtime/TMP/TextMeshProUGUI.cs:229)
UnityEngine.UI.CanvasUpdateRegistry:PerformUpdate () (at ./Library/PackageCache/com.unity.ugui@bb329a87fcdc/Runtime/UGUI/UI/Core/CanvasUpdateRegistry.cs:215)
UnityEngine.Canvas:SendWillRenderCanvases ()
UnityEngine.Canvas:ForceUpdateCanvases ()
UnityEngine.UI.ScrollRect:EnsureLayoutHasRebuilt () (at ./Library/PackageCache/com.unity.ugui@bb329a87fcdc/Runtime/UGUI/UI/Core/ScrollRect.cs:636)
UnityEngine.UI.ScrollRect:SetNormalizedPosition (single,int) (at ./Library/PackageCache/com.unity.ugui@bb329a87fcdc/Runtime/UGUI/UI/Core/ScrollRect.cs:1064)
UnityEngine.UI.ScrollRect:set_horizontalNormalizedPosition (single) (at ./Library/PackageCache/com.unity.ugui@bb329a87fcdc/Runtime/UGUI/UI/Core/ScrollRect.cs:1009)
CampaignMapUI:FocusOnNode (UnityEngine.RectTransform) (at Assets/Bladehold/Bladehold Scripts/Campaign/CampaignMapUI.cs:398)
CampaignMapUI:BuildMap () (at Assets/Bladehold/Bladehold Scripts/Campaign/CampaignMapUI.cs:196)
BuildAndCaptureCampaignMap:CaptureProgressionScreenshots () (at Assets/Bladehold/Bladehold Scripts/Editor/BuildAndCaptureCampaignMap.cs:504)
BuildAndCaptureCampaignMap:ExecuteAll () (at Assets/Bladehold/Bladehold Scripts/Editor/BuildAndCaptureCampaignMap.cs:35)

(Filename: ./Library/PackageCache/com.unity.ugui@bb329a87fcdc/Runtime/TMP/TextMeshProUGUI.cs Line: 2012)

The character with Unicode value \U0001F480 was not found in the [LiberationSans SDF] font asset or any potential fallbacks. It was replaced by Unicode character \u25A1 in text object [CaptainText].
UnityEngine.Debug:ExtractStackTraceNoAlloc (byte*,int,string)
UnityEngine.StackTraceUtility:ExtractStackTrace ()
UnityEngine.DebugLogHandler:Internal_Log (UnityEngine.LogType,UnityEngine.LogOption,string,UnityEngine.Object)
UnityEngine.DebugLogHandler:LogFormat (UnityEngine.LogType,UnityEngine.Object,string,object[])
UnityEngine.Logger:Log (UnityEngine.LogType,object,UnityEngine.Object)
UnityEngine.Debug:LogWarning (object,UnityEngine.Object)
TMPro.TextMeshProUGUI:SetArraySizes (TMPro.TMP_Text/TextProcessingElement[]) (at ./Library/PackageCache/com.unity.ugui@bb329a87fcdc/Runtime/TMP/TextMeshProUGUI.cs:2012)
TMPro.TMP_Text:ParseInputText () (at ./Library/PackageCache/com.unity.ugui@bb329a87fcdc/Runtime/TMP/TMP_Text.cs:2044)
TMPro.TextMeshProUGUI:OnPreRenderCanvas () (at ./Library/PackageCache/com.unity.ugui@bb329a87fcdc/Runtime/TMP/TextMeshProUGUI.cs:2496)
TMPro.TextMeshProUGUI:Rebuild (UnityEngine.UI.CanvasUpdate) (at ./Library/PackageCache/com.unity.ugui@bb329a87fcdc/Runtime/TMP/TextMeshProUGUI.cs:229)
UnityEngine.UI.CanvasUpdateRegistry:PerformUpdate () (at ./Library/PackageCache/com.unity.ugui@bb329a87fcdc/Runtime/UGUI/UI/Core/CanvasUpdateRegistry.cs:215)
UnityEngine.Canvas:SendWillRenderCanvases ()
UnityEngine.Canvas:ForceUpdateCanvases ()
UnityEngine.UI.ScrollRect:EnsureLayoutHasRebuilt () (at ./Library/PackageCache/com.unity.ugui@bb329a87fcdc/Runtime/UGUI/UI/Core/ScrollRect.cs:636)
UnityEngine.UI.ScrollRect:SetNormalizedPosition (single,int) (at ./Library/PackageCache/com.unity.ugui@bb329a87fcdc/Runtime/UGUI/UI/Core/ScrollRect.cs:1064)
UnityEngine.UI.ScrollRect:set_horizontalNormalizedPosition (single) (at ./Library/PackageCache/com.unity.ugui@bb329a87fcdc/Runtime/UGUI/UI/Core/ScrollRect.cs:1009)
CampaignMapUI:FocusOnNode (UnityEngine.RectTransform) (at Assets/Bladehold/Bladehold Scripts/Campaign/CampaignMapUI.cs:398)
CampaignMapUI:BuildMap () (at Assets/Bladehold/Bladehold Scripts/Campaign/CampaignMapUI.cs:196)
BuildAndCaptureCampaignMap:CaptureProgressionScreenshots () (at Assets/Bladehold/Bladehold Scripts/Editor/BuildAndCaptureCampaignMap.cs:504)
BuildAndCaptureCampaignMap:ExecuteAll () (at Assets/Bladehold/Bladehold Scripts/Editor/BuildAndCaptureCampaignMap.cs:35)

(Filename: ./Library/PackageCache/com.unity.ugui@bb329a87fcdc/Runtime/TMP/TextMeshProUGUI.cs Line: 2012)

The character with Unicode value \U0001F480 was not found in the [LiberationSans SDF] font asset or any potential fallbacks. It was replaced by Unicode character \u25A1 in text object [CaptainText].
UnityEngine.Debug:ExtractStackTraceNoAlloc (byte*,int,string)
UnityEngine.StackTraceUtility:ExtractStackTrace ()
UnityEngine.DebugLogHandler:Internal_Log (UnityEngine.LogType,UnityEngine.LogOption,string,UnityEngine.Object)
UnityEngine.DebugLogHandler:LogFormat (UnityEngine.LogType,UnityEngine.Object,string,object[])
UnityEngine.Logger:Log (UnityEngine.LogType,object,UnityEngine.Object)
UnityEngine.Debug:LogWarning (object,UnityEngine.Object)
TMPro.TextMeshProUGUI:SetArraySizes (TMPro.TMP_Text/TextProcessingElement[]) (at ./Library/PackageCache/com.unity.ugui@bb329a87fcdc/Runtime/TMP/TextMeshProUGUI.cs:2012)
TMPro.TMP_Text:ParseInputText () (at ./Library/PackageCache/com.unity.ugui@bb329a87fcdc/Runtime/TMP/TMP_Text.cs:2044)
TMPro.TextMeshProUGUI:OnPreRenderCanvas () (at ./Library/PackageCache/com.unity.ugui@bb329a87fcdc/Runtime/TMP/TextMeshProUGUI.cs:2496)
TMPro.TextMeshProUGUI:Rebuild (UnityEngine.UI.CanvasUpdate) (at ./Library/PackageCache/com.unity.ugui@bb329a87fcdc/Runtime/TMP/TextMeshProUGUI.cs:229)
UnityEngine.UI.CanvasUpdateRegistry:PerformUpdate () (at ./Library/PackageCache/com.unity.ugui@bb329a87fcdc/Runtime/UGUI/UI/Core/CanvasUpdateRegistry.cs:215)
UnityEngine.Canvas:SendWillRenderCanvases ()
UnityEngine.Canvas:ForceUpdateCanvases ()
UnityEngine.UI.ScrollRect:EnsureLayoutHasRebuilt () (at ./Library/PackageCache/com.unity.ugui@bb329a87fcdc/Runtime/UGUI/UI/Core/ScrollRect.cs:636)
UnityEngine.UI.ScrollRect:SetNormalizedPosition (single,int) (at ./Library/PackageCache/com.unity.ugui@bb329a87fcdc/Runtime/UGUI/UI/Core/ScrollRect.cs:1064)
UnityEngine.UI.ScrollRect:set_horizontalNormalizedPosition (single) (at ./Library/PackageCache/com.unity.ugui@bb329a87fcdc/Runtime/UGUI/UI/Core/ScrollRect.cs:1009)
CampaignMapUI:FocusOnNode (UnityEngine.RectTransform) (at Assets/Bladehold/Bladehold Scripts/Campaign/CampaignMapUI.cs:398)
CampaignMapUI:BuildMap () (at Assets/Bladehold/Bladehold Scripts/Campaign/CampaignMapUI.cs:196)
BuildAndCaptureCampaignMap:CaptureProgressionScreenshots () (at Assets/Bladehold/Bladehold Scripts/Editor/BuildAndCaptureCampaignMap.cs:504)
BuildAndCaptureCampaignMap:ExecuteAll () (at Assets/Bladehold/Bladehold Scripts/Editor/BuildAndCaptureCampaignMap.cs:35)

(Filename: ./Library/PackageCache/com.unity.ugui@bb329a87fcdc/Runtime/TMP/TextMeshProUGUI.cs Line: 2012)

The character with Unicode value \U0001F480 was not found in the [LiberationSans SDF] font asset or any potential fallbacks. It was replaced by Unicode character \u25A1 in text object [CaptainText].
UnityEngine.Debug:ExtractStackTraceNoAlloc (byte*,int,string)
UnityEngine.StackTraceUtility:ExtractStackTrace ()
UnityEngine.DebugLogHandler:Internal_Log (UnityEngine.LogType,UnityEngine.LogOption,string,UnityEngine.Object)
UnityEngine.DebugLogHandler:LogFormat (UnityEngine.LogType,UnityEngine.Object,string,object[])
UnityEngine.Logger:Log (UnityEngine.LogType,object,UnityEngine.Object)
UnityEngine.Debug:LogWarning (object,UnityEngine.Object)
TMPro.TextMeshProUGUI:SetArraySizes (TMPro.TMP_Text/TextProcessingElement[]) (at ./Library/PackageCache/com.unity.ugui@bb329a87fcdc/Runtime/TMP/TextMeshProUGUI.cs:2012)
TMPro.TMP_Text:ParseInputText () (at ./Library/PackageCache/com.unity.ugui@bb329a87fcdc/Runtime/TMP/TMP_Text.cs:2044)
TMPro.TextMeshProUGUI:OnPreRenderCanvas () (at ./Library/PackageCache/com.unity.ugui@bb329a87fcdc/Runtime/TMP/TextMeshProUGUI.cs:2496)
TMPro.TextMeshProUGUI:Rebuild (UnityEngine.UI.CanvasUpdate) (at ./Library/PackageCache/com.unity.ugui@bb329a87fcdc/Runtime/TMP/TextMeshProUGUI.cs:229)
UnityEngine.UI.CanvasUpdateRegistry:PerformUpdate () (at ./Library/PackageCache/com.unity.ugui@bb329a87fcdc/Runtime/UGUI/UI/Core/CanvasUpdateRegistry.cs:215)
UnityEngine.Canvas:SendWillRenderCanvases ()
UnityEngine.Canvas:ForceUpdateCanvases ()
UnityEngine.UI.ScrollRect:EnsureLayoutHasRebuilt () (at ./Library/PackageCache/com.unity.ugui@bb329a87fcdc/Runtime/UGUI/UI/Core/ScrollRect.cs:636)
UnityEngine.UI.ScrollRect:SetNormalizedPosition (single,int) (at ./Library/PackageCache/com.unity.ugui@bb329a87fcdc/Runtime/UGUI/UI/Core/ScrollRect.cs:1064)
UnityEngine.UI.ScrollRect:set_horizontalNormalizedPosition (single) (at ./Library/PackageCache/com.unity.ugui@bb329a87fcdc/Runtime/UGUI/UI/Core/ScrollRect.cs:1009)
CampaignMapUI:FocusOnNode (UnityEngine.RectTransform) (at Assets/Bladehold/Bladehold Scripts/Campaign/CampaignMapUI.cs:398)
CampaignMapUI:BuildMap () (at Assets/Bladehold/Bladehold Scripts/Campaign/CampaignMapUI.cs:196)
BuildAndCaptureCampaignMap:CaptureProgressionScreenshots () (at Assets/Bladehold/Bladehold Scripts/Editor/BuildAndCaptureCampaignMap.cs:504)
BuildAndCaptureCampaignMap:ExecuteAll () (at Assets/Bladehold/Bladehold Scripts/Editor/BuildAndCaptureCampaignMap.cs:35)

(Filename: ./Library/PackageCache/com.unity.ugui@bb329a87fcdc/Runtime/TMP/TextMeshProUGUI.cs Line: 2012)

The character with Unicode value \U0001F480 was not found in the [LiberationSans SDF] font asset or any potential fallbacks. It was replaced by Unicode character \u25A1 in text object [CaptainText].
UnityEngine.Debug:ExtractStackTraceNoAlloc (byte*,int,string)
UnityEngine.StackTraceUtility:ExtractStackTrace ()
UnityEngine.DebugLogHandler:Internal_Log (UnityEngine.LogType,UnityEngine.LogOption,string,UnityEngine.Object)
UnityEngine.DebugLogHandler:LogFormat (UnityEngine.LogType,UnityEngine.Object,string,object[])
UnityEngine.Logger:Log (UnityEngine.LogType,object,UnityEngine.Object)
UnityEngine.Debug:LogWarning (object,UnityEngine.Object)
TMPro.TextMeshProUGUI:SetArraySizes (TMPro.TMP_Text/TextProcessingElement[]) (at ./Library/PackageCache/com.unity.ugui@bb329a87fcdc/Runtime/TMP/TextMeshProUGUI.cs:2012)
TMPro.TMP_Text:ParseInputText () (at ./Library/PackageCache/com.unity.ugui@bb329a87fcdc/Runtime/TMP/TMP_Text.cs:2044)
TMPro.TextMeshProUGUI:OnPreRenderCanvas () (at ./Library/PackageCache/com.unity.ugui@bb329a87fcdc/Runtime/TMP/TextMeshProUGUI.cs:2496)
TMPro.TextMeshProUGUI:Rebuild (UnityEngine.UI.CanvasUpdate) (at ./Library/PackageCache/com.unity.ugui@bb329a87fcdc/Runtime/TMP/TextMeshProUGUI.cs:229)
UnityEngine.UI.CanvasUpdateRegistry:PerformUpdate () (at ./Library/PackageCache/com.unity.ugui@bb329a87fcdc/Runtime/UGUI/UI/Core/CanvasUpdateRegistry.cs:215)
UnityEngine.Canvas:SendWillRenderCanvases ()
UnityEngine.Canvas:ForceUpdateCanvases ()
UnityEngine.UI.ScrollRect:EnsureLayoutHasRebuilt () (at ./Library/PackageCache/com.unity.ugui@bb329a87fcdc/Runtime/UGUI/UI/Core/ScrollRect.cs:636)
UnityEngine.UI.ScrollRect:SetNormalizedPosition (single,int) (at ./Library/PackageCache/com.unity.ugui@bb329a87fcdc/Runtime/UGUI/UI/Core/ScrollRect.cs:1064)
UnityEngine.UI.ScrollRect:set_horizontalNormalizedPosition (single) (at ./Library/PackageCache/com.unity.ugui@bb329a87fcdc/Runtime/UGUI/UI/Core/ScrollRect.cs:1009)
CampaignMapUI:FocusOnNode (UnityEngine.RectTransform) (at Assets/Bladehold/Bladehold Scripts/Campaign/CampaignMapUI.cs:398)
CampaignMapUI:BuildMap () (at Assets/Bladehold/Bladehold Scripts/Campaign/CampaignMapUI.cs:196)
BuildAndCaptureCampaignMap:CaptureProgressionScreenshots () (at Assets/Bladehold/Bladehold Scripts/Editor/BuildAndCaptureCampaignMap.cs:504)
BuildAndCaptureCampaignMap:ExecuteAll () (at Assets/Bladehold/Bladehold Scripts/Editor/BuildAndCaptureCampaignMap.cs:35)

(Filename: ./Library/PackageCache/com.unity.ugui@bb329a87fcdc/Runtime/TMP/TextMeshProUGUI.cs Line: 2012)

The character with Unicode value \U0001F480 was not found in the [LiberationSans SDF] font asset or any potential fallbacks. It was replaced by Unicode character \u25A1 in text object [CaptainText].
UnityEngine.Debug:ExtractStackTraceNoAlloc (byte*,int,string)
UnityEngine.StackTraceUtility:ExtractStackTrace ()
UnityEngine.DebugLogHandler:Internal_Log (UnityEngine.LogType,UnityEngine.LogOption,string,UnityEngine.Object)
UnityEngine.DebugLogHandler:LogFormat (UnityEngine.LogType,UnityEngine.Object,string,object[])
UnityEngine.Logger:Log (UnityEngine.LogType,object,UnityEngine.Object)
UnityEngine.Debug:LogWarning (object,UnityEngine.Object)
TMPro.TextMeshProUGUI:SetArraySizes (TMPro.TMP_Text/TextProcessingElement[]) (at ./Library/PackageCache/com.unity.ugui@bb329a87fcdc/Runtime/TMP/TextMeshProUGUI.cs:2012)
TMPro.TMP_Text:ParseInputText () (at ./Library/PackageCache/com.unity.ugui@bb329a87fcdc/Runtime/TMP/TMP_Text.cs:2044)
TMPro.TextMeshProUGUI:OnPreRenderCanvas () (at ./Library/PackageCache/com.unity.ugui@bb329a87fcdc/Runtime/TMP/TextMeshProUGUI.cs:2496)
TMPro.TextMeshProUGUI:Rebuild (UnityEngine.UI.CanvasUpdate) (at ./Library/PackageCache/com.unity.ugui@bb329a87fcdc/Runtime/TMP/TextMeshProUGUI.cs:229)
UnityEngine.UI.CanvasUpdateRegistry:PerformUpdate () (at ./Library/PackageCache/com.unity.ugui@bb329a87fcdc/Runtime/UGUI/UI/Core/CanvasUpdateRegistry.cs:215)
UnityEngine.Canvas:SendWillRenderCanvases ()
UnityEngine.Canvas:ForceUpdateCanvases ()
UnityEngine.UI.ScrollRect:EnsureLayoutHasRebuilt () (at ./Library/PackageCache/com.unity.ugui@bb329a87fcdc/Runtime/UGUI/UI/Core/ScrollRect.cs:636)
UnityEngine.UI.ScrollRect:SetNormalizedPosition (single,int) (at ./Library/PackageCache/com.unity.ugui@bb329a87fcdc/Runtime/UGUI/UI/Core/ScrollRect.cs:1064)
UnityEngine.UI.ScrollRect:set_horizontalNormalizedPosition (single) (at ./Library/PackageCache/com.unity.ugui@bb329a87fcdc/Runtime/UGUI/UI/Core/ScrollRect.cs:1009)
CampaignMapUI:FocusOnNode (UnityEngine.RectTransform) (at Assets/Bladehold/Bladehold Scripts/Campaign/CampaignMapUI.cs:398)
CampaignMapUI:BuildMap () (at Assets/Bladehold/Bladehold Scripts/Campaign/CampaignMapUI.cs:196)
BuildAndCaptureCampaignMap:CaptureProgressionScreenshots () (at Assets/Bladehold/Bladehold Scripts/Editor/BuildAndCaptureCampaignMap.cs:504)
BuildAndCaptureCampaignMap:ExecuteAll () (at Assets/Bladehold/Bladehold Scripts/Editor/BuildAndCaptureCampaignMap.cs:35)

(Filename: ./Library/PackageCache/com.unity.ugui@bb329a87fcdc/Runtime/TMP/TextMeshProUGUI.cs Line: 2012)

The character with Unicode value \U0001F480 was not found in the [LiberationSans SDF] font asset or any potential fallbacks. It was replaced by Unicode character \u25A1 in text object [CaptainText].
UnityEngine.Debug:ExtractStackTraceNoAlloc (byte*,int,string)
UnityEngine.StackTraceUtility:ExtractStackTrace ()
UnityEngine.DebugLogHandler:Internal_Log (UnityEngine.LogType,UnityEngine.LogOption,string,UnityEngine.Object)
UnityEngine.DebugLogHandler:LogFormat (UnityEngine.LogType,UnityEngine.Object,string,object[])
UnityEngine.Logger:Log (UnityEngine.LogType,object,UnityEngine.Object)
UnityEngine.Debug:LogWarning (object,UnityEngine.Object)
TMPro.TextMeshProUGUI:SetArraySizes (TMPro.TMP_Text/TextProcessingElement[]) (at ./Library/PackageCache/com.unity.ugui@bb329a87fcdc/Runtime/TMP/TextMeshProUGUI.cs:2012)
TMPro.TMP_Text:ParseInputText () (at ./Library/PackageCache/com.unity.ugui@bb329a87fcdc/Runtime/TMP/TMP_Text.cs:2044)
TMPro.TextMeshProUGUI:OnPreRenderCanvas () (at ./Library/PackageCache/com.unity.ugui@bb329a87fcdc/Runtime/TMP/TextMeshProUGUI.cs:2496)
TMPro.TextMeshProUGUI:Rebuild (UnityEngine.UI.CanvasUpdate) (at ./Library/PackageCache/com.unity.ugui@bb329a87fcdc/Runtime/TMP/TextMeshProUGUI.cs:229)
UnityEngine.UI.CanvasUpdateRegistry:PerformUpdate () (at ./Library/PackageCache/com.unity.ugui@bb329a87fcdc/Runtime/UGUI/UI/Core/CanvasUpdateRegistry.cs:215)
UnityEngine.Canvas:SendWillRenderCanvases ()
UnityEngine.Canvas:ForceUpdateCanvases ()
UnityEngine.UI.ScrollRect:EnsureLayoutHasRebuilt () (at ./Library/PackageCache/com.unity.ugui@bb329a87fcdc/Runtime/UGUI/UI/Core/ScrollRect.cs:636)
UnityEngine.UI.ScrollRect:SetNormalizedPosition (single,int) (at ./Library/PackageCache/com.unity.ugui@bb329a87fcdc/Runtime/UGUI/UI/Core/ScrollRect.cs:1064)
UnityEngine.UI.ScrollRect:set_horizontalNormalizedPosition (single) (at ./Library/PackageCache/com.unity.ugui@bb329a87fcdc/Runtime/UGUI/UI/Core/ScrollRect.cs:1009)
CampaignMapUI:FocusOnNode (UnityEngine.RectTransform) (at Assets/Bladehold/Bladehold Scripts/Campaign/CampaignMapUI.cs:398)
CampaignMapUI:BuildMap () (at Assets/Bladehold/Bladehold Scripts/Campaign/CampaignMapUI.cs:196)
BuildAndCaptureCampaignMap:CaptureProgressionScreenshots () (at Assets/Bladehold/Bladehold Scripts/Editor/BuildAndCaptureCampaignMap.cs:504)
BuildAndCaptureCampaignMap:ExecuteAll () (at Assets/Bladehold/Bladehold Scripts/Editor/BuildAndCaptureCampaignMap.cs:35)

(Filename: ./Library/PackageCache/com.unity.ugui@bb329a87fcdc/Runtime/TMP/TextMeshProUGUI.cs Line: 2012)

The character with Unicode value \U0001F480 was not found in the [LiberationSans SDF] font asset or any potential fallbacks. It was replaced by Unicode character \u25A1 in text object [CaptainText].
UnityEngine.Debug:ExtractStackTraceNoAlloc (byte*,int,string)
UnityEngine.StackTraceUtility:ExtractStackTrace ()
UnityEngine.DebugLogHandler:Internal_Log (UnityEngine.LogType,UnityEngine.LogOption,string,UnityEngine.Object)
UnityEngine.DebugLogHandler:LogFormat (UnityEngine.LogType,UnityEngine.Object,string,object[])
UnityEngine.Logger:Log (UnityEngine.LogType,object,UnityEngine.Object)
UnityEngine.Debug:LogWarning (object,UnityEngine.Object)
TMPro.TextMeshProUGUI:SetArraySizes (TMPro.TMP_Text/TextProcessingElement[]) (at ./Library/PackageCache/com.unity.ugui@bb329a87fcdc/Runtime/TMP/TextMeshProUGUI.cs:2012)
TMPro.TMP_Text:ParseInputText () (at ./Library/PackageCache/com.unity.ugui@bb329a87fcdc/Runtime/TMP/TMP_Text.cs:2044)
TMPro.TextMeshProUGUI:OnPreRenderCanvas () (at ./Library/PackageCache/com.unity.ugui@bb329a87fcdc/Runtime/TMP/TextMeshProUGUI.cs:2496)
TMPro.TextMeshProUGUI:Rebuild (UnityEngine.UI.CanvasUpdate) (at ./Library/PackageCache/com.unity.ugui@bb329a87fcdc/Runtime/TMP/TextMeshProUGUI.cs:229)
UnityEngine.UI.CanvasUpdateRegistry:PerformUpdate () (at ./Library/PackageCache/com.unity.ugui@bb329a87fcdc/Runtime/UGUI/UI/Core/CanvasUpdateRegistry.cs:215)
UnityEngine.Canvas:SendWillRenderCanvases ()
UnityEngine.Canvas:ForceUpdateCanvases ()
UnityEngine.UI.ScrollRect:EnsureLayoutHasRebuilt () (at ./Library/PackageCache/com.unity.ugui@bb329a87fcdc/Runtime/UGUI/UI/Core/ScrollRect.cs:636)
UnityEngine.UI.ScrollRect:SetNormalizedPosition (single,int) (at ./Library/PackageCache/com.unity.ugui@bb329a87fcdc/Runtime/UGUI/UI/Core/ScrollRect.cs:1064)
UnityEngine.UI.ScrollRect:set_horizontalNormalizedPosition (single) (at ./Library/PackageCache/com.unity.ugui@bb329a87fcdc/Runtime/UGUI/UI/Core/ScrollRect.cs:1009)
CampaignMapUI:FocusOnNode (UnityEngine.RectTransform) (at Assets/Bladehold/Bladehold Scripts/Campaign/CampaignMapUI.cs:398)
CampaignMapUI:BuildMap () (at Assets/Bladehold/Bladehold Scripts/Campaign/CampaignMapUI.cs:196)
BuildAndCaptureCampaignMap:CaptureProgressionScreenshots () (at Assets/Bladehold/Bladehold Scripts/Editor/BuildAndCaptureCampaignMap.cs:504)
BuildAndCaptureCampaignMap:ExecuteAll () (at Assets/Bladehold/Bladehold Scripts/Editor/BuildAndCaptureCampaignMap.cs:35)

(Filename: ./Library/PackageCache/com.unity.ugui@bb329a87fcdc/Runtime/TMP/TextMeshProUGUI.cs Line: 2012)

The character with Unicode value \U0001F480 was not found in the [LiberationSans SDF] font asset or any potential fallbacks. It was replaced by Unicode character \u25A1 in text object [CaptainText].
UnityEngine.Debug:ExtractStackTraceNoAlloc (byte*,int,string)
UnityEngine.StackTraceUtility:ExtractStackTrace ()
UnityEngine.DebugLogHandler:Internal_Log (UnityEngine.LogType,UnityEngine.LogOption,string,UnityEngine.Object)
UnityEngine.DebugLogHandler:LogFormat (UnityEngine.LogType,UnityEngine.Object,string,object[])
UnityEngine.Logger:Log (UnityEngine.LogType,object,UnityEngine.Object)
UnityEngine.Debug:LogWarning (object,UnityEngine.Object)
TMPro.TextMeshProUGUI:SetArraySizes (TMPro.TMP_Text/TextProcessingElement[]) (at ./Library/PackageCache/com.unity.ugui@bb329a87fcdc/Runtime/TMP/TextMeshProUGUI.cs:2012)
TMPro.TMP_Text:ParseInputText () (at ./Library/PackageCache/com.unity.ugui@bb329a87fcdc/Runtime/TMP/TMP_Text.cs:2044)
TMPro.TextMeshProUGUI:OnPreRenderCanvas () (at ./Library/PackageCache/com.unity.ugui@bb329a87fcdc/Runtime/TMP/TextMeshProUGUI.cs:2496)
TMPro.TextMeshProUGUI:Rebuild (UnityEngine.UI.CanvasUpdate) (at ./Library/PackageCache/com.unity.ugui@bb329a87fcdc/Runtime/TMP/TextMeshProUGUI.cs:229)
UnityEngine.UI.CanvasUpdateRegistry:PerformUpdate () (at ./Library/PackageCache/com.unity.ugui@bb329a87fcdc/Runtime/UGUI/UI/Core/CanvasUpdateRegistry.cs:215)
UnityEngine.Canvas:SendWillRenderCanvases ()
UnityEngine.Canvas:ForceUpdateCanvases ()
UnityEngine.UI.ScrollRect:EnsureLayoutHasRebuilt () (at ./Library/PackageCache/com.unity.ugui@bb329a87fcdc/Runtime/UGUI/UI/Core/ScrollRect.cs:636)
UnityEngine.UI.ScrollRect:SetNormalizedPosition (single,int) (at ./Library/PackageCache/com.unity.ugui@bb329a87fcdc/Runtime/UGUI/UI/Core/ScrollRect.cs:1064)
UnityEngine.UI.ScrollRect:set_horizontalNormalizedPosition (single) (at ./Library/PackageCache/com.unity.ugui@bb329a87fcdc/Runtime/UGUI/UI/Core/ScrollRect.cs:1009)
CampaignMapUI:FocusOnNode (UnityEngine.RectTransform) (at Assets/Bladehold/Bladehold Scripts/Campaign/CampaignMapUI.cs:398)
CampaignMapUI:BuildMap () (at Assets/Bladehold/Bladehold Scripts/Campaign/CampaignMapUI.cs:196)
BuildAndCaptureCampaignMap:CaptureProgressionScreenshots () (at Assets/Bladehold/Bladehold Scripts/Editor/BuildAndCaptureCampaignMap.cs:504)
BuildAndCaptureCampaignMap:ExecuteAll () (at Assets/Bladehold/Bladehold Scripts/Editor/BuildAndCaptureCampaignMap.cs:35)

(Filename: ./Library/PackageCache/com.unity.ugui@bb329a87fcdc/Runtime/TMP/TextMeshProUGUI.cs Line: 2012)

The character with Unicode value \U0001F480 was not found in the [LiberationSans SDF] font asset or any potential fallbacks. It was replaced by Unicode character \u25A1 in text object [CaptainText].
UnityEngine.Debug:ExtractStackTraceNoAlloc (byte*,int,string)
UnityEngine.StackTraceUtility:ExtractStackTrace ()
UnityEngine.DebugLogHandler:Internal_Log (UnityEngine.LogType,UnityEngine.LogOption,string,UnityEngine.Object)
UnityEngine.DebugLogHandler:LogFormat (UnityEngine.LogType,UnityEngine.Object,string,object[])
UnityEngine.Logger:Log (UnityEngine.LogType,object,UnityEngine.Object)
UnityEngine.Debug:LogWarning (object,UnityEngine.Object)
TMPro.TextMeshProUGUI:SetArraySizes (TMPro.TMP_Text/TextProcessingElement[]) (at ./Library/PackageCache/com.unity.ugui@bb329a87fcdc/Runtime/TMP/TextMeshProUGUI.cs:2012)
TMPro.TMP_Text:ParseInputText () (at ./Library/PackageCache/com.unity.ugui@bb329a87fcdc/Runtime/TMP/TMP_Text.cs:2044)
TMPro.TextMeshProUGUI:OnPreRenderCanvas () (at ./Library/PackageCache/com.unity.ugui@bb329a87fcdc/Runtime/TMP/TextMeshProUGUI.cs:2496)
TMPro.TextMeshProUGUI:Rebuild (UnityEngine.UI.CanvasUpdate) (at ./Library/PackageCache/com.unity.ugui@bb329a87fcdc/Runtime/TMP/TextMeshProUGUI.cs:229)
UnityEngine.UI.CanvasUpdateRegistry:PerformUpdate () (at ./Library/PackageCache/com.unity.ugui@bb329a87fcdc/Runtime/UGUI/UI/Core/CanvasUpdateRegistry.cs:215)
UnityEngine.Canvas:SendWillRenderCanvases ()
UnityEngine.Canvas:ForceUpdateCanvases ()
UnityEngine.UI.ScrollRect:EnsureLayoutHasRebuilt () (at ./Library/PackageCache/com.unity.ugui@bb329a87fcdc/Runtime/UGUI/UI/Core/ScrollRect.cs:636)
UnityEngine.UI.ScrollRect:SetNormalizedPosition (single,int) (at ./Library/PackageCache/com.unity.ugui@bb329a87fcdc/Runtime/UGUI/UI/Core/ScrollRect.cs:1064)
UnityEngine.UI.ScrollRect:set_horizontalNormalizedPosition (single) (at ./Library/PackageCache/com.unity.ugui@bb329a87fcdc/Runtime/UGUI/UI/Core/ScrollRect.cs:1009)
CampaignMapUI:FocusOnNode (UnityEngine.RectTransform) (at Assets/Bladehold/Bladehold Scripts/Campaign/CampaignMapUI.cs:398)
CampaignMapUI:BuildMap () (at Assets/Bladehold/Bladehold Scripts/Campaign/CampaignMapUI.cs:196)
BuildAndCaptureCampaignMap:CaptureProgressionScreenshots () (at Assets/Bladehold/Bladehold Scripts/Editor/BuildAndCaptureCampaignMap.cs:504)
BuildAndCaptureCampaignMap:ExecuteAll () (at Assets/Bladehold/Bladehold Scripts/Editor/BuildAndCaptureCampaignMap.cs:35)

(Filename: ./Library/PackageCache/com.unity.ugui@bb329a87fcdc/Runtime/TMP/TextMeshProUGUI.cs Line: 2012)

The character with Unicode value \U0001F480 was not found in the [LiberationSans SDF] font asset or any potential fallbacks. It was replaced by Unicode character \u25A1 in text object [CaptainText].
UnityEngine.Debug:ExtractStackTraceNoAlloc (byte*,int,string)
UnityEngine.StackTraceUtility:ExtractStackTrace ()
UnityEngine.DebugLogHandler:Internal_Log (UnityEngine.LogType,UnityEngine.LogOption,string,UnityEngine.Object)
UnityEngine.DebugLogHandler:LogFormat (UnityEngine.LogType,UnityEngine.Object,string,object[])
UnityEngine.Logger:Log (UnityEngine.LogType,object,UnityEngine.Object)
UnityEngine.Debug:LogWarning (object,UnityEngine.Object)
TMPro.TextMeshProUGUI:SetArraySizes (TMPro.TMP_Text/TextProcessingElement[]) (at ./Library/PackageCache/com.unity.ugui@bb329a87fcdc/Runtime/TMP/TextMeshProUGUI.cs:2012)
TMPro.TMP_Text:ParseInputText () (at ./Library/PackageCache/com.unity.ugui@bb329a87fcdc/Runtime/TMP/TMP_Text.cs:2044)
TMPro.TextMeshProUGUI:OnPreRenderCanvas () (at ./Library/PackageCache/com.unity.ugui@bb329a87fcdc/Runtime/TMP/TextMeshProUGUI.cs:2496)
TMPro.TextMeshProUGUI:Rebuild (UnityEngine.UI.CanvasUpdate) (at ./Library/PackageCache/com.unity.ugui@bb329a87fcdc/Runtime/TMP/TextMeshProUGUI.cs:229)
UnityEngine.UI.CanvasUpdateRegistry:PerformUpdate () (at ./Library/PackageCache/com.unity.ugui@bb329a87fcdc/Runtime/UGUI/UI/Core/CanvasUpdateRegistry.cs:215)
UnityEngine.Canvas:SendWillRenderCanvases ()
UnityEngine.Canvas:ForceUpdateCanvases ()
UnityEngine.UI.ScrollRect:EnsureLayoutHasRebuilt () (at ./Library/PackageCache/com.unity.ugui@bb329a87fcdc/Runtime/UGUI/UI/Core/ScrollRect.cs:636)
UnityEngine.UI.ScrollRect:SetNormalizedPosition (single,int) (at ./Library/PackageCache/com.unity.ugui@bb329a87fcdc/Runtime/UGUI/UI/Core/ScrollRect.cs:1064)
UnityEngine.UI.ScrollRect:set_horizontalNormalizedPosition (single) (at ./Library/PackageCache/com.unity.ugui@bb329a87fcdc/Runtime/UGUI/UI/Core/ScrollRect.cs:1009)
CampaignMapUI:FocusOnNode (UnityEngine.RectTransform) (at Assets/Bladehold/Bladehold Scripts/Campaign/CampaignMapUI.cs:398)
CampaignMapUI:BuildMap () (at Assets/Bladehold/Bladehold Scripts/Campaign/CampaignMapUI.cs:196)
BuildAndCaptureCampaignMap:CaptureProgressionScreenshots () (at Assets/Bladehold/Bladehold Scripts/Editor/BuildAndCaptureCampaignMap.cs:504)
BuildAndCaptureCampaignMap:ExecuteAll () (at Assets/Bladehold/Bladehold Scripts/Editor/BuildAndCaptureCampaignMap.cs:35)

(Filename: ./Library/PackageCache/com.unity.ugui@bb329a87fcdc/Runtime/TMP/TextMeshProUGUI.cs Line: 2012)

The character with Unicode value \U0001F480 was not found in the [LiberationSans SDF] font asset or any potential fallbacks. It was replaced by Unicode character \u25A1 in text object [CaptainText].
UnityEngine.Debug:ExtractStackTraceNoAlloc (byte*,int,string)
UnityEngine.StackTraceUtility:ExtractStackTrace ()
UnityEngine.DebugLogHandler:Internal_Log (UnityEngine.LogType,UnityEngine.LogOption,string,UnityEngine.Object)
UnityEngine.DebugLogHandler:LogFormat (UnityEngine.LogType,UnityEngine.Object,string,object[])
UnityEngine.Logger:Log (UnityEngine.LogType,object,UnityEngine.Object)
UnityEngine.Debug:LogWarning (object,UnityEngine.Object)
TMPro.TextMeshProUGUI:SetArraySizes (TMPro.TMP_Text/TextProcessingElement[]) (at ./Library/PackageCache/com.unity.ugui@bb329a87fcdc/Runtime/TMP/TextMeshProUGUI.cs:2012)
TMPro.TMP_Text:ParseInputText () (at ./Library/PackageCache/com.unity.ugui@bb329a87fcdc/Runtime/TMP/TMP_Text.cs:2044)
TMPro.TextMeshProUGUI:OnPreRenderCanvas () (at ./Library/PackageCache/com.unity.ugui@bb329a87fcdc/Runtime/TMP/TextMeshProUGUI.cs:2496)
TMPro.TextMeshProUGUI:Rebuild (UnityEngine.UI.CanvasUpdate) (at ./Library/PackageCache/com.unity.ugui@bb329a87fcdc/Runtime/TMP/TextMeshProUGUI.cs:229)
UnityEngine.UI.CanvasUpdateRegistry:PerformUpdate () (at ./Library/PackageCache/com.unity.ugui@bb329a87fcdc/Runtime/UGUI/UI/Core/CanvasUpdateRegistry.cs:215)
UnityEngine.Canvas:SendWillRenderCanvases ()
UnityEngine.Canvas:ForceUpdateCanvases ()
UnityEngine.UI.ScrollRect:EnsureLayoutHasRebuilt () (at ./Library/PackageCache/com.unity.ugui@bb329a87fcdc/Runtime/UGUI/UI/Core/ScrollRect.cs:636)
UnityEngine.UI.ScrollRect:SetNormalizedPosition (single,int) (at ./Library/PackageCache/com.unity.ugui@bb329a87fcdc/Runtime/UGUI/UI/Core/ScrollRect.cs:1064)
UnityEngine.UI.ScrollRect:set_horizontalNormalizedPosition (single) (at ./Library/PackageCache/com.unity.ugui@bb329a87fcdc/Runtime/UGUI/UI/Core/ScrollRect.cs:1009)
CampaignMapUI:FocusOnNode (UnityEngine.RectTransform) (at Assets/Bladehold/Bladehold Scripts/Campaign/CampaignMapUI.cs:398)
CampaignMapUI:BuildMap () (at Assets/Bladehold/Bladehold Scripts/Campaign/CampaignMapUI.cs:196)
BuildAndCaptureCampaignMap:CaptureProgressionScreenshots () (at Assets/Bladehold/Bladehold Scripts/Editor/BuildAndCaptureCampaignMap.cs:504)
BuildAndCaptureCampaignMap:ExecuteAll () (at Assets/Bladehold/Bladehold Scripts/Editor/BuildAndCaptureCampaignMap.cs:35)

(Filename: ./Library/PackageCache/com.unity.ugui@bb329a87fcdc/Runtime/TMP/TextMeshProUGUI.cs Line: 2012)

The character with Unicode value \U0001F480 was not found in the [LiberationSans SDF] font asset or any potential fallbacks. It was replaced by Unicode character \u25A1 in text object [CaptainText].
UnityEngine.Debug:ExtractStackTraceNoAlloc (byte*,int,string)
UnityEngine.StackTraceUtility:ExtractStackTrace ()
UnityEngine.DebugLogHandler:Internal_Log (UnityEngine.LogType,UnityEngine.LogOption,string,UnityEngine.Object)
UnityEngine.DebugLogHandler:LogFormat (UnityEngine.LogType,UnityEngine.Object,string,object[])
UnityEngine.Logger:Log (UnityEngine.LogType,object,UnityEngine.Object)
UnityEngine.Debug:LogWarning (object,UnityEngine.Object)
TMPro.TextMeshProUGUI:SetArraySizes (TMPro.TMP_Text/TextProcessingElement[]) (at ./Library/PackageCache/com.unity.ugui@bb329a87fcdc/Runtime/TMP/TextMeshProUGUI.cs:2012)
TMPro.TMP_Text:ParseInputText () (at ./Library/PackageCache/com.unity.ugui@bb329a87fcdc/Runtime/TMP/TMP_Text.cs:2044)
TMPro.TextMeshProUGUI:OnPreRenderCanvas () (at ./Library/PackageCache/com.unity.ugui@bb329a87fcdc/Runtime/TMP/TextMeshProUGUI.cs:2496)
TMPro.TextMeshProUGUI:Rebuild (UnityEngine.UI.CanvasUpdate) (at ./Library/PackageCache/com.unity.ugui@bb329a87fcdc/Runtime/TMP/TextMeshProUGUI.cs:229)
UnityEngine.UI.CanvasUpdateRegistry:PerformUpdate () (at ./Library/PackageCache/com.unity.ugui@bb329a87fcdc/Runtime/UGUI/UI/Core/CanvasUpdateRegistry.cs:215)
UnityEngine.Canvas:SendWillRenderCanvases ()
UnityEngine.Canvas:ForceUpdateCanvases ()
UnityEngine.UI.ScrollRect:EnsureLayoutHasRebuilt () (at ./Library/PackageCache/com.unity.ugui@bb329a87fcdc/Runtime/UGUI/UI/Core/ScrollRect.cs:636)
UnityEngine.UI.ScrollRect:SetNormalizedPosition (single,int) (at ./Library/PackageCache/com.unity.ugui@bb329a87fcdc/Runtime/UGUI/UI/Core/ScrollRect.cs:1064)
UnityEngine.UI.ScrollRect:set_horizontalNormalizedPosition (single) (at ./Library/PackageCache/com.unity.ugui@bb329a87fcdc/Runtime/UGUI/UI/Core/ScrollRect.cs:1009)
CampaignMapUI:FocusOnNode (UnityEngine.RectTransform) (at Assets/Bladehold/Bladehold Scripts/Campaign/CampaignMapUI.cs:398)
CampaignMapUI:BuildMap () (at Assets/Bladehold/Bladehold Scripts/Campaign/CampaignMapUI.cs:196)
BuildAndCaptureCampaignMap:CaptureProgressionScreenshots () (at Assets/Bladehold/Bladehold Scripts/Editor/BuildAndCaptureCampaignMap.cs:504)
BuildAndCaptureCampaignMap:ExecuteAll () (at Assets/Bladehold/Bladehold Scripts/Editor/BuildAndCaptureCampaignMap.cs:35)

(Filename: ./Library/PackageCache/com.unity.ugui@bb329a87fcdc/Runtime/TMP/TextMeshProUGUI.cs Line: 2012)

The character with Unicode value \U0001F480 was not found in the [LiberationSans SDF] font asset or any potential fallbacks. It was replaced by Unicode character \u25A1 in text object [CaptainText].
UnityEngine.Debug:ExtractStackTraceNoAlloc (byte*,int,string)
UnityEngine.StackTraceUtility:ExtractStackTrace ()
UnityEngine.DebugLogHandler:Internal_Log (UnityEngine.LogType,UnityEngine.LogOption,string,UnityEngine.Object)
UnityEngine.DebugLogHandler:LogFormat (UnityEngine.LogType,UnityEngine.Object,string,object[])
UnityEngine.Logger:Log (UnityEngine.LogType,object,UnityEngine.Object)
UnityEngine.Debug:LogWarning (object,UnityEngine.Object)
TMPro.TextMeshProUGUI:SetArraySizes (TMPro.TMP_Text/TextProcessingElement[]) (at ./Library/PackageCache/com.unity.ugui@bb329a87fcdc/Runtime/TMP/TextMeshProUGUI.cs:2012)
TMPro.TMP_Text:ParseInputText () (at ./Library/PackageCache/com.unity.ugui@bb329a87fcdc/Runtime/TMP/TMP_Text.cs:2044)
TMPro.TextMeshProUGUI:OnPreRenderCanvas () (at ./Library/PackageCache/com.unity.ugui@bb329a87fcdc/Runtime/TMP/TextMeshProUGUI.cs:2496)
TMPro.TextMeshProUGUI:Rebuild (UnityEngine.UI.CanvasUpdate) (at ./Library/PackageCache/com.unity.ugui@bb329a87fcdc/Runtime/TMP/TextMeshProUGUI.cs:229)
UnityEngine.UI.CanvasUpdateRegistry:PerformUpdate () (at ./Library/PackageCache/com.unity.ugui@bb329a87fcdc/Runtime/UGUI/UI/Core/CanvasUpdateRegistry.cs:215)
UnityEngine.Canvas:SendWillRenderCanvases ()
UnityEngine.Canvas:ForceUpdateCanvases ()
UnityEngine.UI.ScrollRect:EnsureLayoutHasRebuilt () (at ./Library/PackageCache/com.unity.ugui@bb329a87fcdc/Runtime/UGUI/UI/Core/ScrollRect.cs:636)
UnityEngine.UI.ScrollRect:SetNormalizedPosition (single,int) (at ./Library/PackageCache/com.unity.ugui@bb329a87fcdc/Runtime/UGUI/UI/Core/ScrollRect.cs:1064)
UnityEngine.UI.ScrollRect:set_horizontalNormalizedPosition (single) (at ./Library/PackageCache/com.unity.ugui@bb329a87fcdc/Runtime/UGUI/UI/Core/ScrollRect.cs:1009)
CampaignMapUI:FocusOnNode (UnityEngine.RectTransform) (at Assets/Bladehold/Bladehold Scripts/Campaign/CampaignMapUI.cs:398)
CampaignMapUI:BuildMap () (at Assets/Bladehold/Bladehold Scripts/Campaign/CampaignMapUI.cs:196)
BuildAndCaptureCampaignMap:CaptureProgressionScreenshots () (at Assets/Bladehold/Bladehold Scripts/Editor/BuildAndCaptureCampaignMap.cs:504)
BuildAndCaptureCampaignMap:ExecuteAll () (at Assets/Bladehold/Bladehold Scripts/Editor/BuildAndCaptureCampaignMap.cs:35)

(Filename: ./Library/PackageCache/com.unity.ugui@bb329a87fcdc/Runtime/TMP/TextMeshProUGUI.cs Line: 2012)

[BuildAndCaptureCampaignMap] Saved screenshot: C:/Users/lance/.gemini/antigravity/brain/3e38f462-e87c-4c9b-9878-ffdd22d17f42\campaign_map_01_tier1_start.png and Screenshots\campaign_map_01_tier1_start.png (28 KB)
UnityEngine.Debug:ExtractStackTraceNoAlloc (byte*,int,string)
UnityEngine.StackTraceUtility:ExtractStackTrace ()
UnityEngine.DebugLogHandler:Internal_Log (UnityEngine.LogType,UnityEngine.LogOption,string,UnityEngine.Object)
UnityEngine.DebugLogHandler:LogFormat (UnityEngine.LogType,UnityEngine.Object,string,object[])
UnityEngine.Logger:Log (UnityEngine.LogType,object)
UnityEngine.Debug:Log (object)
BuildAndCaptureCampaignMap:CaptureCameraToPNG (UnityEngine.Camera,string) (at Assets/Bladehold/Bladehold Scripts/Editor/BuildAndCaptureCampaignMap.cs:605)
BuildAndCaptureCampaignMap:CaptureProgressionScreenshots () (at Assets/Bladehold/Bladehold Scripts/Editor/BuildAndCaptureCampaignMap.cs:506)
BuildAndCaptureCampaignMap:ExecuteAll () (at Assets/Bladehold/Bladehold Scripts/Editor/BuildAndCaptureCampaignMap.cs:35)

(Filename: Assets/Bladehold/Bladehold Scripts/Editor/BuildAndCaptureCampaignMap.cs Line: 605)

Destroy may not be called from edit mode! Use DestroyImmediate instead.
Destroying an object in edit mode destroys it permanently.
UnityEngine.Debug:ExtractStackTraceNoAlloc (byte*,int,string)
UnityEngine.StackTraceUtility:ExtractStackTrace ()
UnityEngine.Object:Destroy (UnityEngine.Object,single)
UnityEngine.Object:Destroy (UnityEngine.Object)
CampaignMapUI:ClearPaths () (at Assets/Bladehold/Bladehold Scripts/Campaign/CampaignMapUI.cs:416)
CampaignMapUI:RefreshMap () (at Assets/Bladehold/Bladehold Scripts/Campaign/CampaignMapUI.cs:219)
BuildAndCaptureCampaignMap:CaptureProgressionScreenshots () (at Assets/Bladehold/Bladehold Scripts/Editor/BuildAndCaptureCampaignMap.cs:514)
BuildAndCaptureCampaignMap:ExecuteAll () (at Assets/Bladehold/Bladehold Scripts/Editor/BuildAndCaptureCampaignMap.cs:35)

[Assets/Bladehold/Bladehold Scripts/Campaign/CampaignMapUI.cs line 416]

Destroy may not be called from edit mode! Use DestroyImmediate instead.
Destroying an object in edit mode destroys it permanently.
UnityEngine.Debug:ExtractStackTraceNoAlloc (byte*,int,string)
UnityEngine.StackTraceUtility:ExtractStackTrace ()
UnityEngine.Object:Destroy (UnityEngine.Object,single)
UnityEngine.Object:Destroy (UnityEngine.Object)
CampaignMapUI:ClearPaths () (at Assets/Bladehold/Bladehold Scripts/Campaign/CampaignMapUI.cs:416)
CampaignMapUI:RefreshMap () (at Assets/Bladehold/Bladehold Scripts/Campaign/CampaignMapUI.cs:219)
BuildAndCaptureCampaignMap:CaptureProgressionScreenshots () (at Assets/Bladehold/Bladehold Scripts/Editor/BuildAndCaptureCampaignMap.cs:514)
BuildAndCaptureCampaignMap:ExecuteAll () (at Assets/Bladehold/Bladehold Scripts/Editor/BuildAndCaptureCampaignMap.cs:35)

[Assets/Bladehold/Bladehold Scripts/Campaign/CampaignMapUI.cs line 416]

Destroy may not be called from edit mode! Use DestroyImmediate instead.
Destroying an object in edit mode destroys it permanently.
UnityEngine.Debug:ExtractStackTraceNoAlloc (byte*,int,string)
UnityEngine.StackTraceUtility:ExtractStackTrace ()
UnityEngine.Object:Destroy (UnityEngine.Object,single)
UnityEngine.Object:Destroy (UnityEngine.Object)
CampaignMapUI:ClearPaths () (at Assets/Bladehold/Bladehold Scripts/Campaign/CampaignMapUI.cs:416)
CampaignMapUI:RefreshMap () (at Assets/Bladehold/Bladehold Scripts/Campaign/CampaignMapUI.cs:219)
BuildAndCaptureCampaignMap:CaptureProgressionScreenshots () (at Assets/Bladehold/Bladehold Scripts/Editor/BuildAndCaptureCampaignMap.cs:514)
BuildAndCaptureCampaignMap:ExecuteAll () (at Assets/Bladehold/Bladehold Scripts/Editor/BuildAndCaptureCampaignMap.cs:35)

[Assets/Bladehold/Bladehold Scripts/Campaign/CampaignMapUI.cs line 416]

Destroy may not be called from edit mode! Use DestroyImmediate instead.
Destroying an object in edit mode destroys it permanently.
UnityEngine.Debug:ExtractStackTraceNoAlloc (byte*,int,string)
UnityEngine.StackTraceUtility:ExtractStackTrace ()
UnityEngine.Object:Destroy (UnityEngine.Object,single)
UnityEngine.Object:Destroy (UnityEngine.Object)
CampaignMapUI:ClearPaths () (at Assets/Bladehold/Bladehold Scripts/Campaign/CampaignMapUI.cs:416)
CampaignMapUI:RefreshMap () (at Assets/Bladehold/Bladehold Scripts/Campaign/CampaignMapUI.cs:219)
BuildAndCaptureCampaignMap:CaptureProgressionScreenshots () (at Assets/Bladehold/Bladehold Scripts/Editor/BuildAndCaptureCampaignMap.cs:514)
BuildAndCaptureCampaignMap:ExecuteAll () (at Assets/Bladehold/Bladehold Scripts/Editor/BuildAndCaptureCampaignMap.cs:35)

[Assets/Bladehold/Bladehold Scripts/Campaign/CampaignMapUI.cs line 416]

Destroy may not be called from edit mode! Use DestroyImmediate instead.
Destroying an object in edit mode destroys it permanently.
UnityEngine.Debug:ExtractStackTraceNoAlloc (byte*,int,string)
UnityEngine.StackTraceUtility:ExtractStackTrace ()
UnityEngine.Object:Destroy (UnityEngine.Object,single)
UnityEngine.Object:Destroy (UnityEngine.Object)
CampaignMapUI:ClearPaths () (at Assets/Bladehold/Bladehold Scripts/Campaign/CampaignMapUI.cs:416)
CampaignMapUI:RefreshMap () (at Assets/Bladehold/Bladehold Scripts/Campaign/CampaignMapUI.cs:219)
BuildAndCaptureCampaignMap:CaptureProgressionScreenshots () (at Assets/Bladehold/Bladehold Scripts/Editor/BuildAndCaptureCampaignMap.cs:514)
BuildAndCaptureCampaignMap:ExecuteAll () (at Assets/Bladehold/Bladehold Scripts/Editor/BuildAndCaptureCampaignMap.cs:35)

[Assets/Bladehold/Bladehold Scripts/Campaign/CampaignMapUI.cs line 416]

Destroy may not be called from edit mode! Use DestroyImmediate instead.
Destroying an object in edit mode destroys it permanently.
UnityEngine.Debug:ExtractStackTraceNoAlloc (byte*,int,string)
UnityEngine.StackTraceUtility:ExtractStackTrace ()
UnityEngine.Object:Destroy (UnityEngine.Object,single)
UnityEngine.Object:Destroy (UnityEngine.Object)
CampaignMapUI:ClearPaths () (at Assets/Bladehold/Bladehold Scripts/Campaign/CampaignMapUI.cs:416)
CampaignMapUI:RefreshMap () (at Assets/Bladehold/Bladehold Scripts/Campaign/CampaignMapUI.cs:219)
BuildAndCaptureCampaignMap:CaptureProgressionScreenshots () (at Assets/Bladehold/Bladehold Scripts/Editor/BuildAndCaptureCampaignMap.cs:514)
BuildAndCaptureCampaignMap:ExecuteAll () (at Assets/Bladehold/Bladehold Scripts/Editor/BuildAndCaptureCampaignMap.cs:35)

[Assets/Bladehold/Bladehold Scripts/Campaign/CampaignMapUI.cs line 416]

Destroy may not be called from edit mode! Use DestroyImmediate instead.
Destroying an object in edit mode destroys it permanently.
UnityEngine.Debug:ExtractStackTraceNoAlloc (byte*,int,string)
UnityEngine.StackTraceUtility:ExtractStackTrace ()
UnityEngine.Object:Destroy (UnityEngine.Object,single)
UnityEngine.Object:Destroy (UnityEngine.Object)
CampaignMapUI:ClearPaths () (at Assets/Bladehold/Bladehold Scripts/Campaign/CampaignMapUI.cs:416)
CampaignMapUI:RefreshMap () (at Assets/Bladehold/Bladehold Scripts/Campaign/CampaignMapUI.cs:219)
BuildAndCaptureCampaignMap:CaptureProgressionScreenshots () (at Assets/Bladehold/Bladehold Scripts/Editor/BuildAndCaptureCampaignMap.cs:514)
BuildAndCaptureCampaignMap:ExecuteAll () (at Assets/Bladehold/Bladehold Scripts/Editor/BuildAndCaptureCampaignMap.cs:35)

[Assets/Bladehold/Bladehold Scripts/Campaign/CampaignMapUI.cs line 416]

Destroy may not be called from edit mode! Use DestroyImmediate instead.
Destroying an object in edit mode destroys it permanently.
UnityEngine.Debug:ExtractStackTraceNoAlloc (byte*,int,string)
UnityEngine.StackTraceUtility:ExtractStackTrace ()
UnityEngine.Object:Destroy (UnityEngine.Object,single)
UnityEngine.Object:Destroy (UnityEngine.Object)
CampaignMapUI:ClearPaths () (at Assets/Bladehold/Bladehold Scripts/Campaign/CampaignMapUI.cs:416)
CampaignMapUI:RefreshMap () (at Assets/Bladehold/Bladehold Scripts/Campaign/CampaignMapUI.cs:219)
BuildAndCaptureCampaignMap:CaptureProgressionScreenshots () (at Assets/Bladehold/Bladehold Scripts/Editor/BuildAndCaptureCampaignMap.cs:514)
BuildAndCaptureCampaignMap:ExecuteAll () (at Assets/Bladehold/Bladehold Scripts/Editor/BuildAndCaptureCampaignMap.cs:35)

[Assets/Bladehold/Bladehold Scripts/Campaign/CampaignMapUI.cs line 416]

Destroy may not be called from edit mode! Use DestroyImmediate instead.
Destroying an object in edit mode destroys it permanently.
UnityEngine.Debug:ExtractStackTraceNoAlloc (byte*,int,string)
UnityEngine.StackTraceUtility:ExtractStackTrace ()
UnityEngine.Object:Destroy (UnityEngine.Object,single)
UnityEngine.Object:Destroy (UnityEngine.Object)
CampaignMapUI:ClearPaths () (at Assets/Bladehold/Bladehold Scripts/Campaign/CampaignMapUI.cs:416)
CampaignMapUI:RefreshMap () (at Assets/Bladehold/Bladehold Scripts/Campaign/CampaignMapUI.cs:219)
BuildAndCaptureCampaignMap:CaptureProgressionScreenshots () (at Assets/Bladehold/Bladehold Scripts/Editor/BuildAndCaptureCampaignMap.cs:514)
BuildAndCaptureCampaignMap:ExecuteAll () (at Assets/Bladehold/Bladehold Scripts/Editor/BuildAndCaptureCampaignMap.cs:35)

[Assets/Bladehold/Bladehold Scripts/Campaign/CampaignMapUI.cs line 416]

Destroy may not be called from edit mode! Use DestroyImmediate instead.
Destroying an object in edit mode destroys it permanently.
UnityEngine.Debug:ExtractStackTraceNoAlloc (byte*,int,string)
UnityEngine.StackTraceUtility:ExtractStackTrace ()
UnityEngine.Object:Destroy (UnityEngine.Object,single)
UnityEngine.Object:Destroy (UnityEngine.Object)
CampaignMapUI:ClearPaths () (at Assets/Bladehold/Bladehold Scripts/Campaign/CampaignMapUI.cs:416)
CampaignMapUI:RefreshMap () (at Assets/Bladehold/Bladehold Scripts/Campaign/CampaignMapUI.cs:219)
BuildAndCaptureCampaignMap:CaptureProgressionScreenshots () (at Assets/Bladehold/Bladehold Scripts/Editor/BuildAndCaptureCampaignMap.cs:514)
BuildAndCaptureCampaignMap:ExecuteAll () (at Assets/Bladehold/Bladehold Scripts/Editor/BuildAndCaptureCampaignMap.cs:35)

[Assets/Bladehold/Bladehold Scripts/Campaign/CampaignMapUI.cs line 416]

Destroy may not be called from edit mode! Use DestroyImmediate instead.
Destroying an object in edit mode destroys it permanently.
UnityEngine.Debug:ExtractStackTraceNoAlloc (byte*,int,string)
UnityEngine.StackTraceUtility:ExtractStackTrace ()
UnityEngine.Object:Destroy (UnityEngine.Object,single)
UnityEngine.Object:Destroy (UnityEngine.Object)
CampaignMapUI:ClearPaths () (at Assets/Bladehold/Bladehold Scripts/Campaign/CampaignMapUI.cs:416)
CampaignMapUI:RefreshMap () (at Assets/Bladehold/Bladehold Scripts/Campaign/CampaignMapUI.cs:219)
BuildAndCaptureCampaignMap:CaptureProgressionScreenshots () (at Assets/Bladehold/Bladehold Scripts/Editor/BuildAndCaptureCampaignMap.cs:514)
BuildAndCaptureCampaignMap:ExecuteAll () (at Assets/Bladehold/Bladehold Scripts/Editor/BuildAndCaptureCampaignMap.cs:35)

[Assets/Bladehold/Bladehold Scripts/Campaign/CampaignMapUI.cs line 416]

Destroy may not be called from edit mode! Use DestroyImmediate instead.
Destroying an object in edit mode destroys it permanently.
UnityEngine.Debug:ExtractStackTraceNoAlloc (byte*,int,string)
UnityEngine.StackTraceUtility:ExtractStackTrace ()
UnityEngine.Object:Destroy (UnityEngine.Object,single)
UnityEngine.Object:Destroy (UnityEngine.Object)
CampaignMapUI:ClearPaths () (at Assets/Bladehold/Bladehold Scripts/Campaign/CampaignMapUI.cs:416)
CampaignMapUI:RefreshMap () (at Assets/Bladehold/Bladehold Scripts/Campaign/CampaignMapUI.cs:219)
BuildAndCaptureCampaignMap:CaptureProgressionScreenshots () (at Assets/Bladehold/Bladehold Scripts/Editor/BuildAndCaptureCampaignMap.cs:514)
BuildAndCaptureCampaignMap:ExecuteAll () (at Assets/Bladehold/Bladehold Scripts/Editor/BuildAndCaptureCampaignMap.cs:35)

[Assets/Bladehold/Bladehold Scripts/Campaign/CampaignMapUI.cs line 416]

Destroy may not be called from edit mode! Use DestroyImmediate instead.
Destroying an object in edit mode destroys it permanently.
UnityEngine.Debug:ExtractStackTraceNoAlloc (byte*,int,string)
UnityEngine.StackTraceUtility:ExtractStackTrace ()
UnityEngine.Object:Destroy (UnityEngine.Object,single)
UnityEngine.Object:Destroy (UnityEngine.Object)
CampaignMapUI:ClearPaths () (at Assets/Bladehold/Bladehold Scripts/Campaign/CampaignMapUI.cs:416)
CampaignMapUI:RefreshMap () (at Assets/Bladehold/Bladehold Scripts/Campaign/CampaignMapUI.cs:219)
BuildAndCaptureCampaignMap:CaptureProgressionScreenshots () (at Assets/Bladehold/Bladehold Scripts/Editor/BuildAndCaptureCampaignMap.cs:514)
BuildAndCaptureCampaignMap:ExecuteAll () (at Assets/Bladehold/Bladehold Scripts/Editor/BuildAndCaptureCampaignMap.cs:35)

[Assets/Bladehold/Bladehold Scripts/Campaign/CampaignMapUI.cs line 416]

Destroy may not be called from edit mode! Use DestroyImmediate instead.
Destroying an object in edit mode destroys it permanently.
UnityEngine.Debug:ExtractStackTraceNoAlloc (byte*,int,string)
UnityEngine.StackTraceUtility:ExtractStackTrace ()
UnityEngine.Object:Destroy (UnityEngine.Object,single)
UnityEngine.Object:Destroy (UnityEngine.Object)
CampaignMapUI:ClearPaths () (at Assets/Bladehold/Bladehold Scripts/Campaign/CampaignMapUI.cs:416)
CampaignMapUI:RefreshMap () (at Assets/Bladehold/Bladehold Scripts/Campaign/CampaignMapUI.cs:219)
BuildAndCaptureCampaignMap:CaptureProgressionScreenshots () (at Assets/Bladehold/Bladehold Scripts/Editor/BuildAndCaptureCampaignMap.cs:514)
BuildAndCaptureCampaignMap:ExecuteAll () (at Assets/Bladehold/Bladehold Scripts/Editor/BuildAndCaptureCampaignMap.cs:35)

[Assets/Bladehold/Bladehold Scripts/Campaign/CampaignMapUI.cs line 416]

Destroy may not be called from edit mode! Use DestroyImmediate instead.
Destroying an object in edit mode destroys it permanently.
UnityEngine.Debug:ExtractStackTraceNoAlloc (byte*,int,string)
UnityEngine.StackTraceUtility:ExtractStackTrace ()
UnityEngine.Object:Destroy (UnityEngine.Object,single)
UnityEngine.Object:Destroy (UnityEngine.Object)
CampaignMapUI:ClearPaths () (at Assets/Bladehold/Bladehold Scripts/Campaign/CampaignMapUI.cs:416)
CampaignMapUI:RefreshMap () (at Assets/Bladehold/Bladehold Scripts/Campaign/CampaignMapUI.cs:219)
BuildAndCaptureCampaignMap:CaptureProgressionScreenshots () (at Assets/Bladehold/Bladehold Scripts/Editor/BuildAndCaptureCampaignMap.cs:514)
BuildAndCaptureCampaignMap:ExecuteAll () (at Assets/Bladehold/Bladehold Scripts/Editor/BuildAndCaptureCampaignMap.cs:35)

[Assets/Bladehold/Bladehold Scripts/Campaign/CampaignMapUI.cs line 416]

Destroy may not be called from edit mode! Use DestroyImmediate instead.
Destroying an object in edit mode destroys it permanently.
UnityEngine.Debug:ExtractStackTraceNoAlloc (byte*,int,string)
UnityEngine.StackTraceUtility:ExtractStackTrace ()
UnityEngine.Object:Destroy (UnityEngine.Object,single)
UnityEngine.Object:Destroy (UnityEngine.Object)
CampaignMapUI:ClearPaths () (at Assets/Bladehold/Bladehold Scripts/Campaign/CampaignMapUI.cs:416)
CampaignMapUI:RefreshMap () (at Assets/Bladehold/Bladehold Scripts/Campaign/CampaignMapUI.cs:219)
BuildAndCaptureCampaignMap:CaptureProgressionScreenshots () (at Assets/Bladehold/Bladehold Scripts/Editor/BuildAndCaptureCampaignMap.cs:514)
BuildAndCaptureCampaignMap:ExecuteAll () (at Assets/Bladehold/Bladehold Scripts/Editor/BuildAndCaptureCampaignMap.cs:35)

[Assets/Bladehold/Bladehold Scripts/Campaign/CampaignMapUI.cs line 416]

Destroy may not be called from edit mode! Use DestroyImmediate instead.
Destroying an object in edit mode destroys it permanently.
UnityEngine.Debug:ExtractStackTraceNoAlloc (byte*,int,string)
UnityEngine.StackTraceUtility:ExtractStackTrace ()
UnityEngine.Object:Destroy (UnityEngine.Object,single)
UnityEngine.Object:Destroy (UnityEngine.Object)
CampaignMapUI:ClearPaths () (at Assets/Bladehold/Bladehold Scripts/Campaign/CampaignMapUI.cs:416)
CampaignMapUI:RefreshMap () (at Assets/Bladehold/Bladehold Scripts/Campaign/CampaignMapUI.cs:219)
BuildAndCaptureCampaignMap:CaptureProgressionScreenshots () (at Assets/Bladehold/Bladehold Scripts/Editor/BuildAndCaptureCampaignMap.cs:514)
BuildAndCaptureCampaignMap:ExecuteAll () (at Assets/Bladehold/Bladehold Scripts/Editor/BuildAndCaptureCampaignMap.cs:35)

[Assets/Bladehold/Bladehold Scripts/Campaign/CampaignMapUI.cs line 416]

Destroy may not be called from edit mode! Use DestroyImmediate instead.
Destroying an object in edit mode destroys it permanently.
UnityEngine.Debug:ExtractStackTraceNoAlloc (byte*,int,string)
UnityEngine.StackTraceUtility:ExtractStackTrace ()
UnityEngine.Object:Destroy (UnityEngine.Object,single)
UnityEngine.Object:Destroy (UnityEngine.Object)
CampaignMapUI:ClearPaths () (at Assets/Bladehold/Bladehold Scripts/Campaign/CampaignMapUI.cs:416)
CampaignMapUI:RefreshMap () (at Assets/Bladehold/Bladehold Scripts/Campaign/CampaignMapUI.cs:219)
BuildAndCaptureCampaignMap:CaptureProgressionScreenshots () (at Assets/Bladehold/Bladehold Scripts/Editor/BuildAndCaptureCampaignMap.cs:514)
BuildAndCaptureCampaignMap:ExecuteAll () (at Assets/Bladehold/Bladehold Scripts/Editor/BuildAndCaptureCampaignMap.cs:35)

[Assets/Bladehold/Bladehold Scripts/Campaign/CampaignMapUI.cs line 416]

Destroy may not be called from edit mode! Use DestroyImmediate instead.
Destroying an object in edit mode destroys it permanently.
UnityEngine.Debug:ExtractStackTraceNoAlloc (byte*,int,string)
UnityEngine.StackTraceUtility:ExtractStackTrace ()
UnityEngine.Object:Destroy (UnityEngine.Object,single)
UnityEngine.Object:Destroy (UnityEngine.Object)
CampaignMapUI:ClearPaths () (at Assets/Bladehold/Bladehold Scripts/Campaign/CampaignMapUI.cs:416)
CampaignMapUI:RefreshMap () (at Assets/Bladehold/Bladehold Scripts/Campaign/CampaignMapUI.cs:219)
BuildAndCaptureCampaignMap:CaptureProgressionScreenshots () (at Assets/Bladehold/Bladehold Scripts/Editor/BuildAndCaptureCampaignMap.cs:514)
BuildAndCaptureCampaignMap:ExecuteAll () (at Assets/Bladehold/Bladehold Scripts/Editor/BuildAndCaptureCampaignMap.cs:35)

[Assets/Bladehold/Bladehold Scripts/Campaign/CampaignMapUI.cs line 416]

[BuildAndCaptureCampaignMap] Saved screenshot: C:/Users/lance/.gemini/antigravity/brain/3e38f462-e87c-4c9b-9878-ffdd22d17f42\campaign_map_02_tier2_branch_fraglob.png and Screenshots\campaign_map_02_tier2_branch_fraglob.png (28 KB)
UnityEngine.Debug:ExtractStackTraceNoAlloc (byte*,int,string)
UnityEngine.StackTraceUtility:ExtractStackTrace ()
UnityEngine.DebugLogHandler:Internal_Log (UnityEngine.LogType,UnityEngine.LogOption,string,UnityEngine.Object)
UnityEngine.DebugLogHandler:LogFormat (UnityEngine.LogType,UnityEngine.Object,string,object[])
UnityEngine.Logger:Log (UnityEngine.LogType,object)
UnityEngine.Debug:Log (object)
BuildAndCaptureCampaignMap:CaptureCameraToPNG (UnityEngine.Camera,string) (at Assets/Bladehold/Bladehold Scripts/Editor/BuildAndCaptureCampaignMap.cs:605)
BuildAndCaptureCampaignMap:CaptureProgressionScreenshots () (at Assets/Bladehold/Bladehold Scripts/Editor/BuildAndCaptureCampaignMap.cs:516)
BuildAndCaptureCampaignMap:ExecuteAll () (at Assets/Bladehold/Bladehold Scripts/Editor/BuildAndCaptureCampaignMap.cs:35)

(Filename: Assets/Bladehold/Bladehold Scripts/Editor/BuildAndCaptureCampaignMap.cs Line: 605)

[BuildAndCaptureCampaignMap] Saved screenshot: C:/Users/lance/.gemini/antigravity/brain/3e38f462-e87c-4c9b-9878-ffdd22d17f42\campaign_map_03_tier2_branch_kombusta.png and Screenshots\campaign_map_03_tier2_branch_kombusta.png (28 KB)
UnityEngine.Debug:ExtractStackTraceNoAlloc (byte*,int,string)
UnityEngine.StackTraceUtility:ExtractStackTrace ()
UnityEngine.DebugLogHandler:Internal_Log (UnityEngine.LogType,UnityEngine.LogOption,string,UnityEngine.Object)
UnityEngine.DebugLogHandler:LogFormat (UnityEngine.LogType,UnityEngine.Object,string,object[])
UnityEngine.Logger:Log (UnityEngine.LogType,object)
UnityEngine.Debug:Log (object)
BuildAndCaptureCampaignMap:CaptureCameraToPNG (UnityEngine.Camera,string) (at Assets/Bladehold/Bladehold Scripts/Editor/BuildAndCaptureCampaignMap.cs:605)
BuildAndCaptureCampaignMap:CaptureProgressionScreenshots () (at Assets/Bladehold/Bladehold Scripts/Editor/BuildAndCaptureCampaignMap.cs:520)
BuildAndCaptureCampaignMap:ExecuteAll () (at Assets/Bladehold/Bladehold Scripts/Editor/BuildAndCaptureCampaignMap.cs:35)

(Filename: Assets/Bladehold/Bladehold Scripts/Editor/BuildAndCaptureCampaignMap.cs Line: 605)

Destroy may not be called from edit mode! Use DestroyImmediate instead.
Destroying an object in edit mode destroys it permanently.
UnityEngine.Debug:ExtractStackTraceNoAlloc (byte*,int,string)
UnityEngine.StackTraceUtility:ExtractStackTrace ()
UnityEngine.Object:Destroy (UnityEngine.Object,single)
UnityEngine.Object:Destroy (UnityEngine.Object)
CampaignMapUI:ClearPaths () (at Assets/Bladehold/Bladehold Scripts/Campaign/CampaignMapUI.cs:416)
CampaignMapUI:RefreshMap () (at Assets/Bladehold/Bladehold Scripts/Campaign/CampaignMapUI.cs:219)
BuildAndCaptureCampaignMap:CaptureProgressionScreenshots () (at Assets/Bladehold/Bladehold Scripts/Editor/BuildAndCaptureCampaignMap.cs:528)
BuildAndCaptureCampaignMap:ExecuteAll () (at Assets/Bladehold/Bladehold Scripts/Editor/BuildAndCaptureCampaignMap.cs:35)

[Assets/Bladehold/Bladehold Scripts/Campaign/CampaignMapUI.cs line 416]

Destroy may not be called from edit mode! Use DestroyImmediate instead.
Destroying an object in edit mode destroys it permanently.
UnityEngine.Debug:ExtractStackTraceNoAlloc (byte*,int,string)
UnityEngine.StackTraceUtility:ExtractStackTrace ()
UnityEngine.Object:Destroy (UnityEngine.Object,single)
UnityEngine.Object:Destroy (UnityEngine.Object)
CampaignMapUI:ClearPaths () (at Assets/Bladehold/Bladehold Scripts/Campaign/CampaignMapUI.cs:416)
CampaignMapUI:RefreshMap () (at Assets/Bladehold/Bladehold Scripts/Campaign/CampaignMapUI.cs:219)
BuildAndCaptureCampaignMap:CaptureProgressionScreenshots () (at Assets/Bladehold/Bladehold Scripts/Editor/BuildAndCaptureCampaignMap.cs:528)
BuildAndCaptureCampaignMap:ExecuteAll () (at Assets/Bladehold/Bladehold Scripts/Editor/BuildAndCaptureCampaignMap.cs:35)

[Assets/Bladehold/Bladehold Scripts/Campaign/CampaignMapUI.cs line 416]

Destroy may not be called from edit mode! Use DestroyImmediate instead.
Destroying an object in edit mode destroys it permanently.
UnityEngine.Debug:ExtractStackTraceNoAlloc (byte*,int,string)
UnityEngine.StackTraceUtility:ExtractStackTrace ()
UnityEngine.Object:Destroy (UnityEngine.Object,single)
UnityEngine.Object:Destroy (UnityEngine.Object)
CampaignMapUI:ClearPaths () (at Assets/Bladehold/Bladehold Scripts/Campaign/CampaignMapUI.cs:416)
CampaignMapUI:RefreshMap () (at Assets/Bladehold/Bladehold Scripts/Campaign/CampaignMapUI.cs:219)
BuildAndCaptureCampaignMap:CaptureProgressionScreenshots () (at Assets/Bladehold/Bladehold Scripts/Editor/BuildAndCaptureCampaignMap.cs:528)
BuildAndCaptureCampaignMap:ExecuteAll () (at Assets/Bladehold/Bladehold Scripts/Editor/BuildAndCaptureCampaignMap.cs:35)

[Assets/Bladehold/Bladehold Scripts/Campaign/CampaignMapUI.cs line 416]

Destroy may not be called from edit mode! Use DestroyImmediate instead.
Destroying an object in edit mode destroys it permanently.
UnityEngine.Debug:ExtractStackTraceNoAlloc (byte*,int,string)
UnityEngine.StackTraceUtility:ExtractStackTrace ()
UnityEngine.Object:Destroy (UnityEngine.Object,single)
UnityEngine.Object:Destroy (UnityEngine.Object)
CampaignMapUI:ClearPaths () (at Assets/Bladehold/Bladehold Scripts/Campaign/CampaignMapUI.cs:416)
CampaignMapUI:RefreshMap () (at Assets/Bladehold/Bladehold Scripts/Campaign/CampaignMapUI.cs:219)
BuildAndCaptureCampaignMap:CaptureProgressionScreenshots () (at Assets/Bladehold/Bladehold Scripts/Editor/BuildAndCaptureCampaignMap.cs:528)
BuildAndCaptureCampaignMap:ExecuteAll () (at Assets/Bladehold/Bladehold Scripts/Editor/BuildAndCaptureCampaignMap.cs:35)

[Assets/Bladehold/Bladehold Scripts/Campaign/CampaignMapUI.cs line 416]

Destroy may not be called from edit mode! Use DestroyImmediate instead.
Destroying an object in edit mode destroys it permanently.
UnityEngine.Debug:ExtractStackTraceNoAlloc (byte*,int,string)
UnityEngine.StackTraceUtility:ExtractStackTrace ()
UnityEngine.Object:Destroy (UnityEngine.Object,single)
UnityEngine.Object:Destroy (UnityEngine.Object)
CampaignMapUI:ClearPaths () (at Assets/Bladehold/Bladehold Scripts/Campaign/CampaignMapUI.cs:416)
CampaignMapUI:RefreshMap () (at Assets/Bladehold/Bladehold Scripts/Campaign/CampaignMapUI.cs:219)
BuildAndCaptureCampaignMap:CaptureProgressionScreenshots () (at Assets/Bladehold/Bladehold Scripts/Editor/BuildAndCaptureCampaignMap.cs:528)
BuildAndCaptureCampaignMap:ExecuteAll () (at Assets/Bladehold/Bladehold Scripts/Editor/BuildAndCaptureCampaignMap.cs:35)

[Assets/Bladehold/Bladehold Scripts/Campaign/CampaignMapUI.cs line 416]

Destroy may not be called from edit mode! Use DestroyImmediate instead.
Destroying an object in edit mode destroys it permanently.
UnityEngine.Debug:ExtractStackTraceNoAlloc (byte*,int,string)
UnityEngine.StackTraceUtility:ExtractStackTrace ()
UnityEngine.Object:Destroy (UnityEngine.Object,single)
UnityEngine.Object:Destroy (UnityEngine.Object)
CampaignMapUI:ClearPaths () (at Assets/Bladehold/Bladehold Scripts/Campaign/CampaignMapUI.cs:416)
CampaignMapUI:RefreshMap () (at Assets/Bladehold/Bladehold Scripts/Campaign/CampaignMapUI.cs:219)
BuildAndCaptureCampaignMap:CaptureProgressionScreenshots () (at Assets/Bladehold/Bladehold Scripts/Editor/BuildAndCaptureCampaignMap.cs:528)
BuildAndCaptureCampaignMap:ExecuteAll () (at Assets/Bladehold/Bladehold Scripts/Editor/BuildAndCaptureCampaignMap.cs:35)

[Assets/Bladehold/Bladehold Scripts/Campaign/CampaignMapUI.cs line 416]

Destroy may not be called from edit mode! Use DestroyImmediate instead.
Destroying an object in edit mode destroys it permanently.
UnityEngine.Debug:ExtractStackTraceNoAlloc (byte*,int,string)
UnityEngine.StackTraceUtility:ExtractStackTrace ()
UnityEngine.Object:Destroy (UnityEngine.Object,single)
UnityEngine.Object:Destroy (UnityEngine.Object)
CampaignMapUI:ClearPaths () (at Assets/Bladehold/Bladehold Scripts/Campaign/CampaignMapUI.cs:416)
CampaignMapUI:RefreshMap () (at Assets/Bladehold/Bladehold Scripts/Campaign/CampaignMapUI.cs:219)
BuildAndCaptureCampaignMap:CaptureProgressionScreenshots () (at Assets/Bladehold/Bladehold Scripts/Editor/BuildAndCaptureCampaignMap.cs:528)
BuildAndCaptureCampaignMap:ExecuteAll () (at Assets/Bladehold/Bladehold Scripts/Editor/BuildAndCaptureCampaignMap.cs:35)

[Assets/Bladehold/Bladehold Scripts/Campaign/CampaignMapUI.cs line 416]

Destroy may not be called from edit mode! Use DestroyImmediate instead.
Destroying an object in edit mode destroys it permanently.
UnityEngine.Debug:ExtractStackTraceNoAlloc (byte*,int,string)
UnityEngine.StackTraceUtility:ExtractStackTrace ()
UnityEngine.Object:Destroy (UnityEngine.Object,single)
UnityEngine.Object:Destroy (UnityEngine.Object)
CampaignMapUI:ClearPaths () (at Assets/Bladehold/Bladehold Scripts/Campaign/CampaignMapUI.cs:416)
CampaignMapUI:RefreshMap () (at Assets/Bladehold/Bladehold Scripts/Campaign/CampaignMapUI.cs:219)
BuildAndCaptureCampaignMap:CaptureProgressionScreenshots () (at Assets/Bladehold/Bladehold Scripts/Editor/BuildAndCaptureCampaignMap.cs:528)
BuildAndCaptureCampaignMap:ExecuteAll () (at Assets/Bladehold/Bladehold Scripts/Editor/BuildAndCaptureCampaignMap.cs:35)

[Assets/Bladehold/Bladehold Scripts/Campaign/CampaignMapUI.cs line 416]

Destroy may not be called from edit mode! Use DestroyImmediate instead.
Destroying an object in edit mode destroys it permanently.
UnityEngine.Debug:ExtractStackTraceNoAlloc (byte*,int,string)
UnityEngine.StackTraceUtility:ExtractStackTrace ()
UnityEngine.Object:Destroy (UnityEngine.Object,single)
UnityEngine.Object:Destroy (UnityEngine.Object)
CampaignMapUI:ClearPaths () (at Assets/Bladehold/Bladehold Scripts/Campaign/CampaignMapUI.cs:416)
CampaignMapUI:RefreshMap () (at Assets/Bladehold/Bladehold Scripts/Campaign/CampaignMapUI.cs:219)
BuildAndCaptureCampaignMap:CaptureProgressionScreenshots () (at Assets/Bladehold/Bladehold Scripts/Editor/BuildAndCaptureCampaignMap.cs:528)
BuildAndCaptureCampaignMap:ExecuteAll () (at Assets/Bladehold/Bladehold Scripts/Editor/BuildAndCaptureCampaignMap.cs:35)

[Assets/Bladehold/Bladehold Scripts/Campaign/CampaignMapUI.cs line 416]

Destroy may not be called from edit mode! Use DestroyImmediate instead.
Destroying an object in edit mode destroys it permanently.
UnityEngine.Debug:ExtractStackTraceNoAlloc (byte*,int,string)
UnityEngine.StackTraceUtility:ExtractStackTrace ()
UnityEngine.Object:Destroy (UnityEngine.Object,single)
UnityEngine.Object:Destroy (UnityEngine.Object)
CampaignMapUI:ClearPaths () (at Assets/Bladehold/Bladehold Scripts/Campaign/CampaignMapUI.cs:416)
CampaignMapUI:RefreshMap () (at Assets/Bladehold/Bladehold Scripts/Campaign/CampaignMapUI.cs:219)
BuildAndCaptureCampaignMap:CaptureProgressionScreenshots () (at Assets/Bladehold/Bladehold Scripts/Editor/BuildAndCaptureCampaignMap.cs:528)
BuildAndCaptureCampaignMap:ExecuteAll () (at Assets/Bladehold/Bladehold Scripts/Editor/BuildAndCaptureCampaignMap.cs:35)

[Assets/Bladehold/Bladehold Scripts/Campaign/CampaignMapUI.cs line 416]

Destroy may not be called from edit mode! Use DestroyImmediate instead.
Destroying an object in edit mode destroys it permanently.
UnityEngine.Debug:ExtractStackTraceNoAlloc (byte*,int,string)
UnityEngine.StackTraceUtility:ExtractStackTrace ()
UnityEngine.Object:Destroy (UnityEngine.Object,single)
UnityEngine.Object:Destroy (UnityEngine.Object)
CampaignMapUI:ClearPaths () (at Assets/Bladehold/Bladehold Scripts/Campaign/CampaignMapUI.cs:416)
CampaignMapUI:RefreshMap () (at Assets/Bladehold/Bladehold Scripts/Campaign/CampaignMapUI.cs:219)
BuildAndCaptureCampaignMap:CaptureProgressionScreenshots () (at Assets/Bladehold/Bladehold Scripts/Editor/BuildAndCaptureCampaignMap.cs:528)
BuildAndCaptureCampaignMap:ExecuteAll () (at Assets/Bladehold/Bladehold Scripts/Editor/BuildAndCaptureCampaignMap.cs:35)

[Assets/Bladehold/Bladehold Scripts/Campaign/CampaignMapUI.cs line 416]

Destroy may not be called from edit mode! Use DestroyImmediate instead.
Destroying an object in edit mode destroys it permanently.
UnityEngine.Debug:ExtractStackTraceNoAlloc (byte*,int,string)
UnityEngine.StackTraceUtility:ExtractStackTrace ()
UnityEngine.Object:Destroy (UnityEngine.Object,single)
UnityEngine.Object:Destroy (UnityEngine.Object)
CampaignMapUI:ClearPaths () (at Assets/Bladehold/Bladehold Scripts/Campaign/CampaignMapUI.cs:416)
CampaignMapUI:RefreshMap () (at Assets/Bladehold/Bladehold Scripts/Campaign/CampaignMapUI.cs:219)
BuildAndCaptureCampaignMap:CaptureProgressionScreenshots () (at Assets/Bladehold/Bladehold Scripts/Editor/BuildAndCaptureCampaignMap.cs:528)
BuildAndCaptureCampaignMap:ExecuteAll () (at Assets/Bladehold/Bladehold Scripts/Editor/BuildAndCaptureCampaignMap.cs:35)

[Assets/Bladehold/Bladehold Scripts/Campaign/CampaignMapUI.cs line 416]

Destroy may not be called from edit mode! Use DestroyImmediate instead.
Destroying an object in edit mode destroys it permanently.
UnityEngine.Debug:ExtractStackTraceNoAlloc (byte*,int,string)
UnityEngine.StackTraceUtility:ExtractStackTrace ()
UnityEngine.Object:Destroy (UnityEngine.Object,single)
UnityEngine.Object:Destroy (UnityEngine.Object)
CampaignMapUI:ClearPaths () (at Assets/Bladehold/Bladehold Scripts/Campaign/CampaignMapUI.cs:416)
CampaignMapUI:RefreshMap () (at Assets/Bladehold/Bladehold Scripts/Campaign/CampaignMapUI.cs:219)
BuildAndCaptureCampaignMap:CaptureProgressionScreenshots () (at Assets/Bladehold/Bladehold Scripts/Editor/BuildAndCaptureCampaignMap.cs:528)
BuildAndCaptureCampaignMap:ExecuteAll () (at Assets/Bladehold/Bladehold Scripts/Editor/BuildAndCaptureCampaignMap.cs:35)

[Assets/Bladehold/Bladehold Scripts/Campaign/CampaignMapUI.cs line 416]

Destroy may not be called from edit mode! Use DestroyImmediate instead.
Destroying an object in edit mode destroys it permanently.
UnityEngine.Debug:ExtractStackTraceNoAlloc (byte*,int,string)
UnityEngine.StackTraceUtility:ExtractStackTrace ()
UnityEngine.Object:Destroy (UnityEngine.Object,single)
UnityEngine.Object:Destroy (UnityEngine.Object)
CampaignMapUI:ClearPaths () (at Assets/Bladehold/Bladehold Scripts/Campaign/CampaignMapUI.cs:416)
CampaignMapUI:RefreshMap () (at Assets/Bladehold/Bladehold Scripts/Campaign/CampaignMapUI.cs:219)
BuildAndCaptureCampaignMap:CaptureProgressionScreenshots () (at Assets/Bladehold/Bladehold Scripts/Editor/BuildAndCaptureCampaignMap.cs:528)
BuildAndCaptureCampaignMap:ExecuteAll () (at Assets/Bladehold/Bladehold Scripts/Editor/BuildAndCaptureCampaignMap.cs:35)

[Assets/Bladehold/Bladehold Scripts/Campaign/CampaignMapUI.cs line 416]

Destroy may not be called from edit mode! Use DestroyImmediate instead.
Destroying an object in edit mode destroys it permanently.
UnityEngine.Debug:ExtractStackTraceNoAlloc (byte*,int,string)
UnityEngine.StackTraceUtility:ExtractStackTrace ()
UnityEngine.Object:Destroy (UnityEngine.Object,single)
UnityEngine.Object:Destroy (UnityEngine.Object)
CampaignMapUI:ClearPaths () (at Assets/Bladehold/Bladehold Scripts/Campaign/CampaignMapUI.cs:416)
CampaignMapUI:RefreshMap () (at Assets/Bladehold/Bladehold Scripts/Campaign/CampaignMapUI.cs:219)
BuildAndCaptureCampaignMap:CaptureProgressionScreenshots () (at Assets/Bladehold/Bladehold Scripts/Editor/BuildAndCaptureCampaignMap.cs:528)
BuildAndCaptureCampaignMap:ExecuteAll () (at Assets/Bladehold/Bladehold Scripts/Editor/BuildAndCaptureCampaignMap.cs:35)

[Assets/Bladehold/Bladehold Scripts/Campaign/CampaignMapUI.cs line 416]

Destroy may not be called from edit mode! Use DestroyImmediate instead.
Destroying an object in edit mode destroys it permanently.
UnityEngine.Debug:ExtractStackTraceNoAlloc (byte*,int,string)
UnityEngine.StackTraceUtility:ExtractStackTrace ()
UnityEngine.Object:Destroy (UnityEngine.Object,single)
UnityEngine.Object:Destroy (UnityEngine.Object)
CampaignMapUI:ClearPaths () (at Assets/Bladehold/Bladehold Scripts/Campaign/CampaignMapUI.cs:416)
CampaignMapUI:RefreshMap () (at Assets/Bladehold/Bladehold Scripts/Campaign/CampaignMapUI.cs:219)
BuildAndCaptureCampaignMap:CaptureProgressionScreenshots () (at Assets/Bladehold/Bladehold Scripts/Editor/BuildAndCaptureCampaignMap.cs:528)
BuildAndCaptureCampaignMap:ExecuteAll () (at Assets/Bladehold/Bladehold Scripts/Editor/BuildAndCaptureCampaignMap.cs:35)

[Assets/Bladehold/Bladehold Scripts/Campaign/CampaignMapUI.cs line 416]

Destroy may not be called from edit mode! Use DestroyImmediate instead.
Destroying an object in edit mode destroys it permanently.
UnityEngine.Debug:ExtractStackTraceNoAlloc (byte*,int,string)
UnityEngine.StackTraceUtility:ExtractStackTrace ()
UnityEngine.Object:Destroy (UnityEngine.Object,single)
UnityEngine.Object:Destroy (UnityEngine.Object)
CampaignMapUI:ClearPaths () (at Assets/Bladehold/Bladehold Scripts/Campaign/CampaignMapUI.cs:416)
CampaignMapUI:RefreshMap () (at Assets/Bladehold/Bladehold Scripts/Campaign/CampaignMapUI.cs:219)
BuildAndCaptureCampaignMap:CaptureProgressionScreenshots () (at Assets/Bladehold/Bladehold Scripts/Editor/BuildAndCaptureCampaignMap.cs:528)
BuildAndCaptureCampaignMap:ExecuteAll () (at Assets/Bladehold/Bladehold Scripts/Editor/BuildAndCaptureCampaignMap.cs:35)

[Assets/Bladehold/Bladehold Scripts/Campaign/CampaignMapUI.cs line 416]

Destroy may not be called from edit mode! Use DestroyImmediate instead.
Destroying an object in edit mode destroys it permanently.
UnityEngine.Debug:ExtractStackTraceNoAlloc (byte*,int,string)
UnityEngine.StackTraceUtility:ExtractStackTrace ()
UnityEngine.Object:Destroy (UnityEngine.Object,single)
UnityEngine.Object:Destroy (UnityEngine.Object)
CampaignMapUI:ClearPaths () (at Assets/Bladehold/Bladehold Scripts/Campaign/CampaignMapUI.cs:416)
CampaignMapUI:RefreshMap () (at Assets/Bladehold/Bladehold Scripts/Campaign/CampaignMapUI.cs:219)
BuildAndCaptureCampaignMap:CaptureProgressionScreenshots () (at Assets/Bladehold/Bladehold Scripts/Editor/BuildAndCaptureCampaignMap.cs:528)
BuildAndCaptureCampaignMap:ExecuteAll () (at Assets/Bladehold/Bladehold Scripts/Editor/BuildAndCaptureCampaignMap.cs:35)

[Assets/Bladehold/Bladehold Scripts/Campaign/CampaignMapUI.cs line 416]

Destroy may not be called from edit mode! Use DestroyImmediate instead.
Destroying an object in edit mode destroys it permanently.
UnityEngine.Debug:ExtractStackTraceNoAlloc (byte*,int,string)
UnityEngine.StackTraceUtility:ExtractStackTrace ()
UnityEngine.Object:Destroy (UnityEngine.Object,single)
UnityEngine.Object:Destroy (UnityEngine.Object)
CampaignMapUI:ClearPaths () (at Assets/Bladehold/Bladehold Scripts/Campaign/CampaignMapUI.cs:416)
CampaignMapUI:RefreshMap () (at Assets/Bladehold/Bladehold Scripts/Campaign/CampaignMapUI.cs:219)
BuildAndCaptureCampaignMap:CaptureProgressionScreenshots () (at Assets/Bladehold/Bladehold Scripts/Editor/BuildAndCaptureCampaignMap.cs:528)
BuildAndCaptureCampaignMap:ExecuteAll () (at Assets/Bladehold/Bladehold Scripts/Editor/BuildAndCaptureCampaignMap.cs:35)

[Assets/Bladehold/Bladehold Scripts/Campaign/CampaignMapUI.cs line 416]

[BuildAndCaptureCampaignMap] Saved screenshot: C:/Users/lance/.gemini/antigravity/brain/3e38f462-e87c-4c9b-9878-ffdd22d17f42\campaign_map_04_tier3_supply_room.png and Screenshots\campaign_map_04_tier3_supply_room.png (28 KB)
UnityEngine.Debug:ExtractStackTraceNoAlloc (byte*,int,string)
UnityEngine.StackTraceUtility:ExtractStackTrace ()
UnityEngine.DebugLogHandler:Internal_Log (UnityEngine.LogType,UnityEngine.LogOption,string,UnityEngine.Object)
UnityEngine.DebugLogHandler:LogFormat (UnityEngine.LogType,UnityEngine.Object,string,object[])
UnityEngine.Logger:Log (UnityEngine.LogType,object)
UnityEngine.Debug:Log (object)
BuildAndCaptureCampaignMap:CaptureCameraToPNG (UnityEngine.Camera,string) (at Assets/Bladehold/Bladehold Scripts/Editor/BuildAndCaptureCampaignMap.cs:605)
BuildAndCaptureCampaignMap:CaptureProgressionScreenshots () (at Assets/Bladehold/Bladehold Scripts/Editor/BuildAndCaptureCampaignMap.cs:530)
BuildAndCaptureCampaignMap:ExecuteAll () (at Assets/Bladehold/Bladehold Scripts/Editor/BuildAndCaptureCampaignMap.cs:35)

(Filename: Assets/Bladehold/Bladehold Scripts/Editor/BuildAndCaptureCampaignMap.cs Line: 605)

Destroy may not be called from edit mode! Use DestroyImmediate instead.
Destroying an object in edit mode destroys it permanently.
UnityEngine.Debug:ExtractStackTraceNoAlloc (byte*,int,string)
UnityEngine.StackTraceUtility:ExtractStackTrace ()
UnityEngine.Object:Destroy (UnityEngine.Object,single)
UnityEngine.Object:Destroy (UnityEngine.Object)
CampaignMapUI:ClearPaths () (at Assets/Bladehold/Bladehold Scripts/Campaign/CampaignMapUI.cs:416)
CampaignMapUI:RefreshMap () (at Assets/Bladehold/Bladehold Scripts/Campaign/CampaignMapUI.cs:219)
BuildAndCaptureCampaignMap:CaptureProgressionScreenshots () (at Assets/Bladehold/Bladehold Scripts/Editor/BuildAndCaptureCampaignMap.cs:537)
BuildAndCaptureCampaignMap:ExecuteAll () (at Assets/Bladehold/Bladehold Scripts/Editor/BuildAndCaptureCampaignMap.cs:35)

[Assets/Bladehold/Bladehold Scripts/Campaign/CampaignMapUI.cs line 416]

Destroy may not be called from edit mode! Use DestroyImmediate instead.
Destroying an object in edit mode destroys it permanently.
UnityEngine.Debug:ExtractStackTraceNoAlloc (byte*,int,string)
UnityEngine.StackTraceUtility:ExtractStackTrace ()
UnityEngine.Object:Destroy (UnityEngine.Object,single)
UnityEngine.Object:Destroy (UnityEngine.Object)
CampaignMapUI:ClearPaths () (at Assets/Bladehold/Bladehold Scripts/Campaign/CampaignMapUI.cs:416)
CampaignMapUI:RefreshMap () (at Assets/Bladehold/Bladehold Scripts/Campaign/CampaignMapUI.cs:219)
BuildAndCaptureCampaignMap:CaptureProgressionScreenshots () (at Assets/Bladehold/Bladehold Scripts/Editor/BuildAndCaptureCampaignMap.cs:537)
BuildAndCaptureCampaignMap:ExecuteAll () (at Assets/Bladehold/Bladehold Scripts/Editor/BuildAndCaptureCampaignMap.cs:35)

[Assets/Bladehold/Bladehold Scripts/Campaign/CampaignMapUI.cs line 416]

Destroy may not be called from edit mode! Use DestroyImmediate instead.
Destroying an object in edit mode destroys it permanently.
UnityEngine.Debug:ExtractStackTraceNoAlloc (byte*,int,string)
UnityEngine.StackTraceUtility:ExtractStackTrace ()
UnityEngine.Object:Destroy (UnityEngine.Object,single)
UnityEngine.Object:Destroy (UnityEngine.Object)
CampaignMapUI:ClearPaths () (at Assets/Bladehold/Bladehold Scripts/Campaign/CampaignMapUI.cs:416)
CampaignMapUI:RefreshMap () (at Assets/Bladehold/Bladehold Scripts/Campaign/CampaignMapUI.cs:219)
BuildAndCaptureCampaignMap:CaptureProgressionScreenshots () (at Assets/Bladehold/Bladehold Scripts/Editor/BuildAndCaptureCampaignMap.cs:537)
BuildAndCaptureCampaignMap:ExecuteAll () (at Assets/Bladehold/Bladehold Scripts/Editor/BuildAndCaptureCampaignMap.cs:35)

[Assets/Bladehold/Bladehold Scripts/Campaign/CampaignMapUI.cs line 416]

Destroy may not be called from edit mode! Use DestroyImmediate instead.
Destroying an object in edit mode destroys it permanently.
UnityEngine.Debug:ExtractStackTraceNoAlloc (byte*,int,string)
UnityEngine.StackTraceUtility:ExtractStackTrace ()
UnityEngine.Object:Destroy (UnityEngine.Object,single)
UnityEngine.Object:Destroy (UnityEngine.Object)
CampaignMapUI:ClearPaths () (at Assets/Bladehold/Bladehold Scripts/Campaign/CampaignMapUI.cs:416)
CampaignMapUI:RefreshMap () (at Assets/Bladehold/Bladehold Scripts/Campaign/CampaignMapUI.cs:219)
BuildAndCaptureCampaignMap:CaptureProgressionScreenshots () (at Assets/Bladehold/Bladehold Scripts/Editor/BuildAndCaptureCampaignMap.cs:537)
BuildAndCaptureCampaignMap:ExecuteAll () (at Assets/Bladehold/Bladehold Scripts/Editor/BuildAndCaptureCampaignMap.cs:35)

[Assets/Bladehold/Bladehold Scripts/Campaign/CampaignMapUI.cs line 416]

Destroy may not be called from edit mode! Use DestroyImmediate instead.
Destroying an object in edit mode destroys it permanently.
UnityEngine.Debug:ExtractStackTraceNoAlloc (byte*,int,string)
UnityEngine.StackTraceUtility:ExtractStackTrace ()
UnityEngine.Object:Destroy (UnityEngine.Object,single)
UnityEngine.Object:Destroy (UnityEngine.Object)
CampaignMapUI:ClearPaths () (at Assets/Bladehold/Bladehold Scripts/Campaign/CampaignMapUI.cs:416)
CampaignMapUI:RefreshMap () (at Assets/Bladehold/Bladehold Scripts/Campaign/CampaignMapUI.cs:219)
BuildAndCaptureCampaignMap:CaptureProgressionScreenshots () (at Assets/Bladehold/Bladehold Scripts/Editor/BuildAndCaptureCampaignMap.cs:537)
BuildAndCaptureCampaignMap:ExecuteAll () (at Assets/Bladehold/Bladehold Scripts/Editor/BuildAndCaptureCampaignMap.cs:35)

[Assets/Bladehold/Bladehold Scripts/Campaign/CampaignMapUI.cs line 416]

Destroy may not be called from edit mode! Use DestroyImmediate instead.
Destroying an object in edit mode destroys it permanently.
UnityEngine.Debug:ExtractStackTraceNoAlloc (byte*,int,string)
UnityEngine.StackTraceUtility:ExtractStackTrace ()
UnityEngine.Object:Destroy (UnityEngine.Object,single)
UnityEngine.Object:Destroy (UnityEngine.Object)
CampaignMapUI:ClearPaths () (at Assets/Bladehold/Bladehold Scripts/Campaign/CampaignMapUI.cs:416)
CampaignMapUI:RefreshMap () (at Assets/Bladehold/Bladehold Scripts/Campaign/CampaignMapUI.cs:219)
BuildAndCaptureCampaignMap:CaptureProgressionScreenshots () (at Assets/Bladehold/Bladehold Scripts/Editor/BuildAndCaptureCampaignMap.cs:537)
BuildAndCaptureCampaignMap:ExecuteAll () (at Assets/Bladehold/Bladehold Scripts/Editor/BuildAndCaptureCampaignMap.cs:35)

[Assets/Bladehold/Bladehold Scripts/Campaign/CampaignMapUI.cs line 416]

Destroy may not be called from edit mode! Use DestroyImmediate instead.
Destroying an object in edit mode destroys it permanently.
UnityEngine.Debug:ExtractStackTraceNoAlloc (byte*,int,string)
UnityEngine.StackTraceUtility:ExtractStackTrace ()
UnityEngine.Object:Destroy (UnityEngine.Object,single)
UnityEngine.Object:Destroy (UnityEngine.Object)
CampaignMapUI:ClearPaths () (at Assets/Bladehold/Bladehold Scripts/Campaign/CampaignMapUI.cs:416)
CampaignMapUI:RefreshMap () (at Assets/Bladehold/Bladehold Scripts/Campaign/CampaignMapUI.cs:219)
BuildAndCaptureCampaignMap:CaptureProgressionScreenshots () (at Assets/Bladehold/Bladehold Scripts/Editor/BuildAndCaptureCampaignMap.cs:537)
BuildAndCaptureCampaignMap:ExecuteAll () (at Assets/Bladehold/Bladehold Scripts/Editor/BuildAndCaptureCampaignMap.cs:35)

[Assets/Bladehold/Bladehold Scripts/Campaign/CampaignMapUI.cs line 416]

Destroy may not be called from edit mode! Use DestroyImmediate instead.
Destroying an object in edit mode destroys it permanently.
UnityEngine.Debug:ExtractStackTraceNoAlloc (byte*,int,string)
UnityEngine.StackTraceUtility:ExtractStackTrace ()
UnityEngine.Object:Destroy (UnityEngine.Object,single)
UnityEngine.Object:Destroy (UnityEngine.Object)
CampaignMapUI:ClearPaths () (at Assets/Bladehold/Bladehold Scripts/Campaign/CampaignMapUI.cs:416)
CampaignMapUI:RefreshMap () (at Assets/Bladehold/Bladehold Scripts/Campaign/CampaignMapUI.cs:219)
BuildAndCaptureCampaignMap:CaptureProgressionScreenshots () (at Assets/Bladehold/Bladehold Scripts/Editor/BuildAndCaptureCampaignMap.cs:537)
BuildAndCaptureCampaignMap:ExecuteAll () (at Assets/Bladehold/Bladehold Scripts/Editor/BuildAndCaptureCampaignMap.cs:35)

[Assets/Bladehold/Bladehold Scripts/Campaign/CampaignMapUI.cs line 416]

Destroy may not be called from edit mode! Use DestroyImmediate instead.
Destroying an object in edit mode destroys it permanently.
UnityEngine.Debug:ExtractStackTraceNoAlloc (byte*,int,string)
UnityEngine.StackTraceUtility:ExtractStackTrace ()
UnityEngine.Object:Destroy (UnityEngine.Object,single)
UnityEngine.Object:Destroy (UnityEngine.Object)
CampaignMapUI:ClearPaths () (at Assets/Bladehold/Bladehold Scripts/Campaign/CampaignMapUI.cs:416)
CampaignMapUI:RefreshMap () (at Assets/Bladehold/Bladehold Scripts/Campaign/CampaignMapUI.cs:219)
BuildAndCaptureCampaignMap:CaptureProgressionScreenshots () (at Assets/Bladehold/Bladehold Scripts/Editor/BuildAndCaptureCampaignMap.cs:537)
BuildAndCaptureCampaignMap:ExecuteAll () (at Assets/Bladehold/Bladehold Scripts/Editor/BuildAndCaptureCampaignMap.cs:35)

[Assets/Bladehold/Bladehold Scripts/Campaign/CampaignMapUI.cs line 416]

Destroy may not be called from edit mode! Use DestroyImmediate instead.
Destroying an object in edit mode destroys it permanently.
UnityEngine.Debug:ExtractStackTraceNoAlloc (byte*,int,string)
UnityEngine.StackTraceUtility:ExtractStackTrace ()
UnityEngine.Object:Destroy (UnityEngine.Object,single)
UnityEngine.Object:Destroy (UnityEngine.Object)
CampaignMapUI:ClearPaths () (at Assets/Bladehold/Bladehold Scripts/Campaign/CampaignMapUI.cs:416)
CampaignMapUI:RefreshMap () (at Assets/Bladehold/Bladehold Scripts/Campaign/CampaignMapUI.cs:219)
BuildAndCaptureCampaignMap:CaptureProgressionScreenshots () (at Assets/Bladehold/Bladehold Scripts/Editor/BuildAndCaptureCampaignMap.cs:537)
BuildAndCaptureCampaignMap:ExecuteAll () (at Assets/Bladehold/Bladehold Scripts/Editor/BuildAndCaptureCampaignMap.cs:35)

[Assets/Bladehold/Bladehold Scripts/Campaign/CampaignMapUI.cs line 416]

Destroy may not be called from edit mode! Use DestroyImmediate instead.
Destroying an object in edit mode destroys it permanently.
UnityEngine.Debug:ExtractStackTraceNoAlloc (byte*,int,string)
UnityEngine.StackTraceUtility:ExtractStackTrace ()
UnityEngine.Object:Destroy (UnityEngine.Object,single)
UnityEngine.Object:Destroy (UnityEngine.Object)
CampaignMapUI:ClearPaths () (at Assets/Bladehold/Bladehold Scripts/Campaign/CampaignMapUI.cs:416)
CampaignMapUI:RefreshMap () (at Assets/Bladehold/Bladehold Scripts/Campaign/CampaignMapUI.cs:219)
BuildAndCaptureCampaignMap:CaptureProgressionScreenshots () (at Assets/Bladehold/Bladehold Scripts/Editor/BuildAndCaptureCampaignMap.cs:537)
BuildAndCaptureCampaignMap:ExecuteAll () (at Assets/Bladehold/Bladehold Scripts/Editor/BuildAndCaptureCampaignMap.cs:35)

[Assets/Bladehold/Bladehold Scripts/Campaign/CampaignMapUI.cs line 416]

Destroy may not be called from edit mode! Use DestroyImmediate instead.
Destroying an object in edit mode destroys it permanently.
UnityEngine.Debug:ExtractStackTraceNoAlloc (byte*,int,string)
UnityEngine.StackTraceUtility:ExtractStackTrace ()
UnityEngine.Object:Destroy (UnityEngine.Object,single)
UnityEngine.Object:Destroy (UnityEngine.Object)
CampaignMapUI:ClearPaths () (at Assets/Bladehold/Bladehold Scripts/Campaign/CampaignMapUI.cs:416)
CampaignMapUI:RefreshMap () (at Assets/Bladehold/Bladehold Scripts/Campaign/CampaignMapUI.cs:219)
BuildAndCaptureCampaignMap:CaptureProgressionScreenshots () (at Assets/Bladehold/Bladehold Scripts/Editor/BuildAndCaptureCampaignMap.cs:537)
BuildAndCaptureCampaignMap:ExecuteAll () (at Assets/Bladehold/Bladehold Scripts/Editor/BuildAndCaptureCampaignMap.cs:35)

[Assets/Bladehold/Bladehold Scripts/Campaign/CampaignMapUI.cs line 416]

Destroy may not be called from edit mode! Use DestroyImmediate instead.
Destroying an object in edit mode destroys it permanently.
UnityEngine.Debug:ExtractStackTraceNoAlloc (byte*,int,string)
UnityEngine.StackTraceUtility:ExtractStackTrace ()
UnityEngine.Object:Destroy (UnityEngine.Object,single)
UnityEngine.Object:Destroy (UnityEngine.Object)
CampaignMapUI:ClearPaths () (at Assets/Bladehold/Bladehold Scripts/Campaign/CampaignMapUI.cs:416)
CampaignMapUI:RefreshMap () (at Assets/Bladehold/Bladehold Scripts/Campaign/CampaignMapUI.cs:219)
BuildAndCaptureCampaignMap:CaptureProgressionScreenshots () (at Assets/Bladehold/Bladehold Scripts/Editor/BuildAndCaptureCampaignMap.cs:537)
BuildAndCaptureCampaignMap:ExecuteAll () (at Assets/Bladehold/Bladehold Scripts/Editor/BuildAndCaptureCampaignMap.cs:35)

[Assets/Bladehold/Bladehold Scripts/Campaign/CampaignMapUI.cs line 416]

Destroy may not be called from edit mode! Use DestroyImmediate instead.
Destroying an object in edit mode destroys it permanently.
UnityEngine.Debug:ExtractStackTraceNoAlloc (byte*,int,string)
UnityEngine.StackTraceUtility:ExtractStackTrace ()
UnityEngine.Object:Destroy (UnityEngine.Object,single)
UnityEngine.Object:Destroy (UnityEngine.Object)
CampaignMapUI:ClearPaths () (at Assets/Bladehold/Bladehold Scripts/Campaign/CampaignMapUI.cs:416)
CampaignMapUI:RefreshMap () (at Assets/Bladehold/Bladehold Scripts/Campaign/CampaignMapUI.cs:219)
BuildAndCaptureCampaignMap:CaptureProgressionScreenshots () (at Assets/Bladehold/Bladehold Scripts/Editor/BuildAndCaptureCampaignMap.cs:537)
BuildAndCaptureCampaignMap:ExecuteAll () (at Assets/Bladehold/Bladehold Scripts/Editor/BuildAndCaptureCampaignMap.cs:35)

[Assets/Bladehold/Bladehold Scripts/Campaign/CampaignMapUI.cs line 416]

Destroy may not be called from edit mode! Use DestroyImmediate instead.
Destroying an object in edit mode destroys it permanently.
UnityEngine.Debug:ExtractStackTraceNoAlloc (byte*,int,string)
UnityEngine.StackTraceUtility:ExtractStackTrace ()
UnityEngine.Object:Destroy (UnityEngine.Object,single)
UnityEngine.Object:Destroy (UnityEngine.Object)
CampaignMapUI:ClearPaths () (at Assets/Bladehold/Bladehold Scripts/Campaign/CampaignMapUI.cs:416)
CampaignMapUI:RefreshMap () (at Assets/Bladehold/Bladehold Scripts/Campaign/CampaignMapUI.cs:219)
BuildAndCaptureCampaignMap:CaptureProgressionScreenshots () (at Assets/Bladehold/Bladehold Scripts/Editor/BuildAndCaptureCampaignMap.cs:537)
BuildAndCaptureCampaignMap:ExecuteAll () (at Assets/Bladehold/Bladehold Scripts/Editor/BuildAndCaptureCampaignMap.cs:35)

[Assets/Bladehold/Bladehold Scripts/Campaign/CampaignMapUI.cs line 416]

Destroy may not be called from edit mode! Use DestroyImmediate instead.
Destroying an object in edit mode destroys it permanently.
UnityEngine.Debug:ExtractStackTraceNoAlloc (byte*,int,string)
UnityEngine.StackTraceUtility:ExtractStackTrace ()
UnityEngine.Object:Destroy (UnityEngine.Object,single)
UnityEngine.Object:Destroy (UnityEngine.Object)
CampaignMapUI:ClearPaths () (at Assets/Bladehold/Bladehold Scripts/Campaign/CampaignMapUI.cs:416)
CampaignMapUI:RefreshMap () (at Assets/Bladehold/Bladehold Scripts/Campaign/CampaignMapUI.cs:219)
BuildAndCaptureCampaignMap:CaptureProgressionScreenshots () (at Assets/Bladehold/Bladehold Scripts/Editor/BuildAndCaptureCampaignMap.cs:537)
BuildAndCaptureCampaignMap:ExecuteAll () (at Assets/Bladehold/Bladehold Scripts/Editor/BuildAndCaptureCampaignMap.cs:35)

[Assets/Bladehold/Bladehold Scripts/Campaign/CampaignMapUI.cs line 416]

Destroy may not be called from edit mode! Use DestroyImmediate instead.
Destroying an object in edit mode destroys it permanently.
UnityEngine.Debug:ExtractStackTraceNoAlloc (byte*,int,string)
UnityEngine.StackTraceUtility:ExtractStackTrace ()
UnityEngine.Object:Destroy (UnityEngine.Object,single)
UnityEngine.Object:Destroy (UnityEngine.Object)
CampaignMapUI:ClearPaths () (at Assets/Bladehold/Bladehold Scripts/Campaign/CampaignMapUI.cs:416)
CampaignMapUI:RefreshMap () (at Assets/Bladehold/Bladehold Scripts/Campaign/CampaignMapUI.cs:219)
BuildAndCaptureCampaignMap:CaptureProgressionScreenshots () (at Assets/Bladehold/Bladehold Scripts/Editor/BuildAndCaptureCampaignMap.cs:537)
BuildAndCaptureCampaignMap:ExecuteAll () (at Assets/Bladehold/Bladehold Scripts/Editor/BuildAndCaptureCampaignMap.cs:35)

[Assets/Bladehold/Bladehold Scripts/Campaign/CampaignMapUI.cs line 416]

Destroy may not be called from edit mode! Use DestroyImmediate instead.
Destroying an object in edit mode destroys it permanently.
UnityEngine.Debug:ExtractStackTraceNoAlloc (byte*,int,string)
UnityEngine.StackTraceUtility:ExtractStackTrace ()
UnityEngine.Object:Destroy (UnityEngine.Object,single)
UnityEngine.Object:Destroy (UnityEngine.Object)
CampaignMapUI:ClearPaths () (at Assets/Bladehold/Bladehold Scripts/Campaign/CampaignMapUI.cs:416)
CampaignMapUI:RefreshMap () (at Assets/Bladehold/Bladehold Scripts/Campaign/CampaignMapUI.cs:219)
BuildAndCaptureCampaignMap:CaptureProgressionScreenshots () (at Assets/Bladehold/Bladehold Scripts/Editor/BuildAndCaptureCampaignMap.cs:537)
BuildAndCaptureCampaignMap:ExecuteAll () (at Assets/Bladehold/Bladehold Scripts/Editor/BuildAndCaptureCampaignMap.cs:35)

[Assets/Bladehold/Bladehold Scripts/Campaign/CampaignMapUI.cs line 416]

Destroy may not be called from edit mode! Use DestroyImmediate instead.
Destroying an object in edit mode destroys it permanently.
UnityEngine.Debug:ExtractStackTraceNoAlloc (byte*,int,string)
UnityEngine.StackTraceUtility:ExtractStackTrace ()
UnityEngine.Object:Destroy (UnityEngine.Object,single)
UnityEngine.Object:Destroy (UnityEngine.Object)
CampaignMapUI:ClearPaths () (at Assets/Bladehold/Bladehold Scripts/Campaign/CampaignMapUI.cs:416)
CampaignMapUI:RefreshMap () (at Assets/Bladehold/Bladehold Scripts/Campaign/CampaignMapUI.cs:219)
BuildAndCaptureCampaignMap:CaptureProgressionScreenshots () (at Assets/Bladehold/Bladehold Scripts/Editor/BuildAndCaptureCampaignMap.cs:537)
BuildAndCaptureCampaignMap:ExecuteAll () (at Assets/Bladehold/Bladehold Scripts/Editor/BuildAndCaptureCampaignMap.cs:35)

[Assets/Bladehold/Bladehold Scripts/Campaign/CampaignMapUI.cs line 416]

[BuildAndCaptureCampaignMap] Saved screenshot: C:/Users/lance/.gemini/antigravity/brain/3e38f462-e87c-4c9b-9878-ffdd22d17f42\campaign_map_05_tier4_center_merge.png and Screenshots\campaign_map_05_tier4_center_merge.png (28 KB)
UnityEngine.Debug:ExtractStackTraceNoAlloc (byte*,int,string)
UnityEngine.StackTraceUtility:ExtractStackTrace ()
UnityEngine.DebugLogHandler:Internal_Log (UnityEngine.LogType,UnityEngine.LogOption,string,UnityEngine.Object)
UnityEngine.DebugLogHandler:LogFormat (UnityEngine.LogType,UnityEngine.Object,string,object[])
UnityEngine.Logger:Log (UnityEngine.LogType,object)
UnityEngine.Debug:Log (object)
BuildAndCaptureCampaignMap:CaptureCameraToPNG (UnityEngine.Camera,string) (at Assets/Bladehold/Bladehold Scripts/Editor/BuildAndCaptureCampaignMap.cs:605)
BuildAndCaptureCampaignMap:CaptureProgressionScreenshots () (at Assets/Bladehold/Bladehold Scripts/Editor/BuildAndCaptureCampaignMap.cs:539)
BuildAndCaptureCampaignMap:ExecuteAll () (at Assets/Bladehold/Bladehold Scripts/Editor/BuildAndCaptureCampaignMap.cs:35)

(Filename: Assets/Bladehold/Bladehold Scripts/Editor/BuildAndCaptureCampaignMap.cs Line: 605)

Destroy may not be called from edit mode! Use DestroyImmediate instead.
Destroying an object in edit mode destroys it permanently.
UnityEngine.Debug:ExtractStackTraceNoAlloc (byte*,int,string)
UnityEngine.StackTraceUtility:ExtractStackTrace ()
UnityEngine.Object:Destroy (UnityEngine.Object,single)
UnityEngine.Object:Destroy (UnityEngine.Object)
CampaignMapUI:ClearPaths () (at Assets/Bladehold/Bladehold Scripts/Campaign/CampaignMapUI.cs:416)
CampaignMapUI:RefreshMap () (at Assets/Bladehold/Bladehold Scripts/Campaign/CampaignMapUI.cs:219)
BuildAndCaptureCampaignMap:CaptureProgressionScreenshots () (at Assets/Bladehold/Bladehold Scripts/Editor/BuildAndCaptureCampaignMap.cs:547)
BuildAndCaptureCampaignMap:ExecuteAll () (at Assets/Bladehold/Bladehold Scripts/Editor/BuildAndCaptureCampaignMap.cs:35)

[Assets/Bladehold/Bladehold Scripts/Campaign/CampaignMapUI.cs line 416]

Destroy may not be called from edit mode! Use DestroyImmediate instead.
Destroying an object in edit mode destroys it permanently.
UnityEngine.Debug:ExtractStackTraceNoAlloc (byte*,int,string)
UnityEngine.StackTraceUtility:ExtractStackTrace ()
UnityEngine.Object:Destroy (UnityEngine.Object,single)
UnityEngine.Object:Destroy (UnityEngine.Object)
CampaignMapUI:ClearPaths () (at Assets/Bladehold/Bladehold Scripts/Campaign/CampaignMapUI.cs:416)
CampaignMapUI:RefreshMap () (at Assets/Bladehold/Bladehold Scripts/Campaign/CampaignMapUI.cs:219)
BuildAndCaptureCampaignMap:CaptureProgressionScreenshots () (at Assets/Bladehold/Bladehold Scripts/Editor/BuildAndCaptureCampaignMap.cs:547)
BuildAndCaptureCampaignMap:ExecuteAll () (at Assets/Bladehold/Bladehold Scripts/Editor/BuildAndCaptureCampaignMap.cs:35)

[Assets/Bladehold/Bladehold Scripts/Campaign/CampaignMapUI.cs line 416]

Destroy may not be called from edit mode! Use DestroyImmediate instead.
Destroying an object in edit mode destroys it permanently.
UnityEngine.Debug:ExtractStackTraceNoAlloc (byte*,int,string)
UnityEngine.StackTraceUtility:ExtractStackTrace ()
UnityEngine.Object:Destroy (UnityEngine.Object,single)
UnityEngine.Object:Destroy (UnityEngine.Object)
CampaignMapUI:ClearPaths () (at Assets/Bladehold/Bladehold Scripts/Campaign/CampaignMapUI.cs:416)
CampaignMapUI:RefreshMap () (at Assets/Bladehold/Bladehold Scripts/Campaign/CampaignMapUI.cs:219)
BuildAndCaptureCampaignMap:CaptureProgressionScreenshots () (at Assets/Bladehold/Bladehold Scripts/Editor/BuildAndCaptureCampaignMap.cs:547)
BuildAndCaptureCampaignMap:ExecuteAll () (at Assets/Bladehold/Bladehold Scripts/Editor/BuildAndCaptureCampaignMap.cs:35)

[Assets/Bladehold/Bladehold Scripts/Campaign/CampaignMapUI.cs line 416]

Destroy may not be called from edit mode! Use DestroyImmediate instead.
Destroying an object in edit mode destroys it permanently.
UnityEngine.Debug:ExtractStackTraceNoAlloc (byte*,int,string)
UnityEngine.StackTraceUtility:ExtractStackTrace ()
UnityEngine.Object:Destroy (UnityEngine.Object,single)
UnityEngine.Object:Destroy (UnityEngine.Object)
CampaignMapUI:ClearPaths () (at Assets/Bladehold/Bladehold Scripts/Campaign/CampaignMapUI.cs:416)
CampaignMapUI:RefreshMap () (at Assets/Bladehold/Bladehold Scripts/Campaign/CampaignMapUI.cs:219)
BuildAndCaptureCampaignMap:CaptureProgressionScreenshots () (at Assets/Bladehold/Bladehold Scripts/Editor/BuildAndCaptureCampaignMap.cs:547)
BuildAndCaptureCampaignMap:ExecuteAll () (at Assets/Bladehold/Bladehold Scripts/Editor/BuildAndCaptureCampaignMap.cs:35)

[Assets/Bladehold/Bladehold Scripts/Campaign/CampaignMapUI.cs line 416]

Destroy may not be called from edit mode! Use DestroyImmediate instead.
Destroying an object in edit mode destroys it permanently.
UnityEngine.Debug:ExtractStackTraceNoAlloc (byte*,int,string)
UnityEngine.StackTraceUtility:ExtractStackTrace ()
UnityEngine.Object:Destroy (UnityEngine.Object,single)
UnityEngine.Object:Destroy (UnityEngine.Object)
CampaignMapUI:ClearPaths () (at Assets/Bladehold/Bladehold Scripts/Campaign/CampaignMapUI.cs:416)
CampaignMapUI:RefreshMap () (at Assets/Bladehold/Bladehold Scripts/Campaign/CampaignMapUI.cs:219)
BuildAndCaptureCampaignMap:CaptureProgressionScreenshots () (at Assets/Bladehold/Bladehold Scripts/Editor/BuildAndCaptureCampaignMap.cs:547)
BuildAndCaptureCampaignMap:ExecuteAll () (at Assets/Bladehold/Bladehold Scripts/Editor/BuildAndCaptureCampaignMap.cs:35)

[Assets/Bladehold/Bladehold Scripts/Campaign/CampaignMapUI.cs line 416]

Destroy may not be called from edit mode! Use DestroyImmediate instead.
Destroying an object in edit mode destroys it permanently.
UnityEngine.Debug:ExtractStackTraceNoAlloc (byte*,int,string)
UnityEngine.StackTraceUtility:ExtractStackTrace ()
UnityEngine.Object:Destroy (UnityEngine.Object,single)
UnityEngine.Object:Destroy (UnityEngine.Object)
CampaignMapUI:ClearPaths () (at Assets/Bladehold/Bladehold Scripts/Campaign/CampaignMapUI.cs:416)
CampaignMapUI:RefreshMap () (at Assets/Bladehold/Bladehold Scripts/Campaign/CampaignMapUI.cs:219)
BuildAndCaptureCampaignMap:CaptureProgressionScreenshots () (at Assets/Bladehold/Bladehold Scripts/Editor/BuildAndCaptureCampaignMap.cs:547)
BuildAndCaptureCampaignMap:ExecuteAll () (at Assets/Bladehold/Bladehold Scripts/Editor/BuildAndCaptureCampaignMap.cs:35)

[Assets/Bladehold/Bladehold Scripts/Campaign/CampaignMapUI.cs line 416]

Destroy may not be called from edit mode! Use DestroyImmediate instead.
Destroying an object in edit mode destroys it permanently.
UnityEngine.Debug:ExtractStackTraceNoAlloc (byte*,int,string)
UnityEngine.StackTraceUtility:ExtractStackTrace ()
UnityEngine.Object:Destroy (UnityEngine.Object,single)
UnityEngine.Object:Destroy (UnityEngine.Object)
CampaignMapUI:ClearPaths () (at Assets/Bladehold/Bladehold Scripts/Campaign/CampaignMapUI.cs:416)
CampaignMapUI:RefreshMap () (at Assets/Bladehold/Bladehold Scripts/Campaign/CampaignMapUI.cs:219)
BuildAndCaptureCampaignMap:CaptureProgressionScreenshots () (at Assets/Bladehold/Bladehold Scripts/Editor/BuildAndCaptureCampaignMap.cs:547)
BuildAndCaptureCampaignMap:ExecuteAll () (at Assets/Bladehold/Bladehold Scripts/Editor/BuildAndCaptureCampaignMap.cs:35)

[Assets/Bladehold/Bladehold Scripts/Campaign/CampaignMapUI.cs line 416]

Destroy may not be called from edit mode! Use DestroyImmediate instead.
Destroying an object in edit mode destroys it permanently.
UnityEngine.Debug:ExtractStackTraceNoAlloc (byte*,int,string)
UnityEngine.StackTraceUtility:ExtractStackTrace ()
UnityEngine.Object:Destroy (UnityEngine.Object,single)
UnityEngine.Object:Destroy (UnityEngine.Object)
CampaignMapUI:ClearPaths () (at Assets/Bladehold/Bladehold Scripts/Campaign/CampaignMapUI.cs:416)
CampaignMapUI:RefreshMap () (at Assets/Bladehold/Bladehold Scripts/Campaign/CampaignMapUI.cs:219)
BuildAndCaptureCampaignMap:CaptureProgressionScreenshots () (at Assets/Bladehold/Bladehold Scripts/Editor/BuildAndCaptureCampaignMap.cs:547)
BuildAndCaptureCampaignMap:ExecuteAll () (at Assets/Bladehold/Bladehold Scripts/Editor/BuildAndCaptureCampaignMap.cs:35)

[Assets/Bladehold/Bladehold Scripts/Campaign/CampaignMapUI.cs line 416]

Destroy may not be called from edit mode! Use DestroyImmediate instead.
Destroying an object in edit mode destroys it permanently.
UnityEngine.Debug:ExtractStackTraceNoAlloc (byte*,int,string)
UnityEngine.StackTraceUtility:ExtractStackTrace ()
UnityEngine.Object:Destroy (UnityEngine.Object,single)
UnityEngine.Object:Destroy (UnityEngine.Object)
CampaignMapUI:ClearPaths () (at Assets/Bladehold/Bladehold Scripts/Campaign/CampaignMapUI.cs:416)
CampaignMapUI:RefreshMap () (at Assets/Bladehold/Bladehold Scripts/Campaign/CampaignMapUI.cs:219)
BuildAndCaptureCampaignMap:CaptureProgressionScreenshots () (at Assets/Bladehold/Bladehold Scripts/Editor/BuildAndCaptureCampaignMap.cs:547)
BuildAndCaptureCampaignMap:ExecuteAll () (at Assets/Bladehold/Bladehold Scripts/Editor/BuildAndCaptureCampaignMap.cs:35)

[Assets/Bladehold/Bladehold Scripts/Campaign/CampaignMapUI.cs line 416]

Destroy may not be called from edit mode! Use DestroyImmediate instead.
Destroying an object in edit mode destroys it permanently.
UnityEngine.Debug:ExtractStackTraceNoAlloc (byte*,int,string)
UnityEngine.StackTraceUtility:ExtractStackTrace ()
UnityEngine.Object:Destroy (UnityEngine.Object,single)
UnityEngine.Object:Destroy (UnityEngine.Object)
CampaignMapUI:ClearPaths () (at Assets/Bladehold/Bladehold Scripts/Campaign/CampaignMapUI.cs:416)
CampaignMapUI:RefreshMap () (at Assets/Bladehold/Bladehold Scripts/Campaign/CampaignMapUI.cs:219)
BuildAndCaptureCampaignMap:CaptureProgressionScreenshots () (at Assets/Bladehold/Bladehold Scripts/Editor/BuildAndCaptureCampaignMap.cs:547)
BuildAndCaptureCampaignMap:ExecuteAll () (at Assets/Bladehold/Bladehold Scripts/Editor/BuildAndCaptureCampaignMap.cs:35)

[Assets/Bladehold/Bladehold Scripts/Campaign/CampaignMapUI.cs line 416]

Destroy may not be called from edit mode! Use DestroyImmediate instead.
Destroying an object in edit mode destroys it permanently.
UnityEngine.Debug:ExtractStackTraceNoAlloc (byte*,int,string)
UnityEngine.StackTraceUtility:ExtractStackTrace ()
UnityEngine.Object:Destroy (UnityEngine.Object,single)
UnityEngine.Object:Destroy (UnityEngine.Object)
CampaignMapUI:ClearPaths () (at Assets/Bladehold/Bladehold Scripts/Campaign/CampaignMapUI.cs:416)
CampaignMapUI:RefreshMap () (at Assets/Bladehold/Bladehold Scripts/Campaign/CampaignMapUI.cs:219)
BuildAndCaptureCampaignMap:CaptureProgressionScreenshots () (at Assets/Bladehold/Bladehold Scripts/Editor/BuildAndCaptureCampaignMap.cs:547)
BuildAndCaptureCampaignMap:ExecuteAll () (at Assets/Bladehold/Bladehold Scripts/Editor/BuildAndCaptureCampaignMap.cs:35)

[Assets/Bladehold/Bladehold Scripts/Campaign/CampaignMapUI.cs line 416]

Destroy may not be called from edit mode! Use DestroyImmediate instead.
Destroying an object in edit mode destroys it permanently.
UnityEngine.Debug:ExtractStackTraceNoAlloc (byte*,int,string)
UnityEngine.StackTraceUtility:ExtractStackTrace ()
UnityEngine.Object:Destroy (UnityEngine.Object,single)
UnityEngine.Object:Destroy (UnityEngine.Object)
CampaignMapUI:ClearPaths () (at Assets/Bladehold/Bladehold Scripts/Campaign/CampaignMapUI.cs:416)
CampaignMapUI:RefreshMap () (at Assets/Bladehold/Bladehold Scripts/Campaign/CampaignMapUI.cs:219)
BuildAndCaptureCampaignMap:CaptureProgressionScreenshots () (at Assets/Bladehold/Bladehold Scripts/Editor/BuildAndCaptureCampaignMap.cs:547)
BuildAndCaptureCampaignMap:ExecuteAll () (at Assets/Bladehold/Bladehold Scripts/Editor/BuildAndCaptureCampaignMap.cs:35)

[Assets/Bladehold/Bladehold Scripts/Campaign/CampaignMapUI.cs line 416]

Destroy may not be called from edit mode! Use DestroyImmediate instead.
Destroying an object in edit mode destroys it permanently.
UnityEngine.Debug:ExtractStackTraceNoAlloc (byte*,int,string)
UnityEngine.StackTraceUtility:ExtractStackTrace ()
UnityEngine.Object:Destroy (UnityEngine.Object,single)
UnityEngine.Object:Destroy (UnityEngine.Object)
CampaignMapUI:ClearPaths () (at Assets/Bladehold/Bladehold Scripts/Campaign/CampaignMapUI.cs:416)
CampaignMapUI:RefreshMap () (at Assets/Bladehold/Bladehold Scripts/Campaign/CampaignMapUI.cs:219)
BuildAndCaptureCampaignMap:CaptureProgressionScreenshots () (at Assets/Bladehold/Bladehold Scripts/Editor/BuildAndCaptureCampaignMap.cs:547)
BuildAndCaptureCampaignMap:ExecuteAll () (at Assets/Bladehold/Bladehold Scripts/Editor/BuildAndCaptureCampaignMap.cs:35)

[Assets/Bladehold/Bladehold Scripts/Campaign/CampaignMapUI.cs line 416]

Destroy may not be called from edit mode! Use DestroyImmediate instead.
Destroying an object in edit mode destroys it permanently.
UnityEngine.Debug:ExtractStackTraceNoAlloc (byte*,int,string)
UnityEngine.StackTraceUtility:ExtractStackTrace ()
UnityEngine.Object:Destroy (UnityEngine.Object,single)
UnityEngine.Object:Destroy (UnityEngine.Object)
CampaignMapUI:ClearPaths () (at Assets/Bladehold/Bladehold Scripts/Campaign/CampaignMapUI.cs:416)
CampaignMapUI:RefreshMap () (at Assets/Bladehold/Bladehold Scripts/Campaign/CampaignMapUI.cs:219)
BuildAndCaptureCampaignMap:CaptureProgressionScreenshots () (at Assets/Bladehold/Bladehold Scripts/Editor/BuildAndCaptureCampaignMap.cs:547)
BuildAndCaptureCampaignMap:ExecuteAll () (at Assets/Bladehold/Bladehold Scripts/Editor/BuildAndCaptureCampaignMap.cs:35)

[Assets/Bladehold/Bladehold Scripts/Campaign/CampaignMapUI.cs line 416]

Destroy may not be called from edit mode! Use DestroyImmediate instead.
Destroying an object in edit mode destroys it permanently.
UnityEngine.Debug:ExtractStackTraceNoAlloc (byte*,int,string)
UnityEngine.StackTraceUtility:ExtractStackTrace ()
UnityEngine.Object:Destroy (UnityEngine.Object,single)
UnityEngine.Object:Destroy (UnityEngine.Object)
CampaignMapUI:ClearPaths () (at Assets/Bladehold/Bladehold Scripts/Campaign/CampaignMapUI.cs:416)
CampaignMapUI:RefreshMap () (at Assets/Bladehold/Bladehold Scripts/Campaign/CampaignMapUI.cs:219)
BuildAndCaptureCampaignMap:CaptureProgressionScreenshots () (at Assets/Bladehold/Bladehold Scripts/Editor/BuildAndCaptureCampaignMap.cs:547)
BuildAndCaptureCampaignMap:ExecuteAll () (at Assets/Bladehold/Bladehold Scripts/Editor/BuildAndCaptureCampaignMap.cs:35)

[Assets/Bladehold/Bladehold Scripts/Campaign/CampaignMapUI.cs line 416]

Destroy may not be called from edit mode! Use DestroyImmediate instead.
Destroying an object in edit mode destroys it permanently.
UnityEngine.Debug:ExtractStackTraceNoAlloc (byte*,int,string)
UnityEngine.StackTraceUtility:ExtractStackTrace ()
UnityEngine.Object:Destroy (UnityEngine.Object,single)
UnityEngine.Object:Destroy (UnityEngine.Object)
CampaignMapUI:ClearPaths () (at Assets/Bladehold/Bladehold Scripts/Campaign/CampaignMapUI.cs:416)
CampaignMapUI:RefreshMap () (at Assets/Bladehold/Bladehold Scripts/Campaign/CampaignMapUI.cs:219)
BuildAndCaptureCampaignMap:CaptureProgressionScreenshots () (at Assets/Bladehold/Bladehold Scripts/Editor/BuildAndCaptureCampaignMap.cs:547)
BuildAndCaptureCampaignMap:ExecuteAll () (at Assets/Bladehold/Bladehold Scripts/Editor/BuildAndCaptureCampaignMap.cs:35)

[Assets/Bladehold/Bladehold Scripts/Campaign/CampaignMapUI.cs line 416]

Destroy may not be called from edit mode! Use DestroyImmediate instead.
Destroying an object in edit mode destroys it permanently.
UnityEngine.Debug:ExtractStackTraceNoAlloc (byte*,int,string)
UnityEngine.StackTraceUtility:ExtractStackTrace ()
UnityEngine.Object:Destroy (UnityEngine.Object,single)
UnityEngine.Object:Destroy (UnityEngine.Object)
CampaignMapUI:ClearPaths () (at Assets/Bladehold/Bladehold Scripts/Campaign/CampaignMapUI.cs:416)
CampaignMapUI:RefreshMap () (at Assets/Bladehold/Bladehold Scripts/Campaign/CampaignMapUI.cs:219)
BuildAndCaptureCampaignMap:CaptureProgressionScreenshots () (at Assets/Bladehold/Bladehold Scripts/Editor/BuildAndCaptureCampaignMap.cs:547)
BuildAndCaptureCampaignMap:ExecuteAll () (at Assets/Bladehold/Bladehold Scripts/Editor/BuildAndCaptureCampaignMap.cs:35)

[Assets/Bladehold/Bladehold Scripts/Campaign/CampaignMapUI.cs line 416]

Destroy may not be called from edit mode! Use DestroyImmediate instead.
Destroying an object in edit mode destroys it permanently.
UnityEngine.Debug:ExtractStackTraceNoAlloc (byte*,int,string)
UnityEngine.StackTraceUtility:ExtractStackTrace ()
UnityEngine.Object:Destroy (UnityEngine.Object,single)
UnityEngine.Object:Destroy (UnityEngine.Object)
CampaignMapUI:ClearPaths () (at Assets/Bladehold/Bladehold Scripts/Campaign/CampaignMapUI.cs:416)
CampaignMapUI:RefreshMap () (at Assets/Bladehold/Bladehold Scripts/Campaign/CampaignMapUI.cs:219)
BuildAndCaptureCampaignMap:CaptureProgressionScreenshots () (at Assets/Bladehold/Bladehold Scripts/Editor/BuildAndCaptureCampaignMap.cs:547)
BuildAndCaptureCampaignMap:ExecuteAll () (at Assets/Bladehold/Bladehold Scripts/Editor/BuildAndCaptureCampaignMap.cs:35)

[Assets/Bladehold/Bladehold Scripts/Campaign/CampaignMapUI.cs line 416]

Destroy may not be called from edit mode! Use DestroyImmediate instead.
Destroying an object in edit mode destroys it permanently.
UnityEngine.Debug:ExtractStackTraceNoAlloc (byte*,int,string)
UnityEngine.StackTraceUtility:ExtractStackTrace ()
UnityEngine.Object:Destroy (UnityEngine.Object,single)
UnityEngine.Object:Destroy (UnityEngine.Object)
CampaignMapUI:ClearPaths () (at Assets/Bladehold/Bladehold Scripts/Campaign/CampaignMapUI.cs:416)
CampaignMapUI:RefreshMap () (at Assets/Bladehold/Bladehold Scripts/Campaign/CampaignMapUI.cs:219)
BuildAndCaptureCampaignMap:CaptureProgressionScreenshots () (at Assets/Bladehold/Bladehold Scripts/Editor/BuildAndCaptureCampaignMap.cs:547)
BuildAndCaptureCampaignMap:ExecuteAll () (at Assets/Bladehold/Bladehold Scripts/Editor/BuildAndCaptureCampaignMap.cs:35)

[Assets/Bladehold/Bladehold Scripts/Campaign/CampaignMapUI.cs line 416]

[BuildAndCaptureCampaignMap] Saved screenshot: C:/Users/lance/.gemini/antigravity/brain/3e38f462-e87c-4c9b-9878-ffdd22d17f42\campaign_map_06_tier5_split.png and Screenshots\campaign_map_06_tier5_split.png (28 KB)
UnityEngine.Debug:ExtractStackTraceNoAlloc (byte*,int,string)
UnityEngine.StackTraceUtility:ExtractStackTrace ()
UnityEngine.DebugLogHandler:Internal_Log (UnityEngine.LogType,UnityEngine.LogOption,string,UnityEngine.Object)
UnityEngine.DebugLogHandler:LogFormat (UnityEngine.LogType,UnityEngine.Object,string,object[])
UnityEngine.Logger:Log (UnityEngine.LogType,object)
UnityEngine.Debug:Log (object)
BuildAndCaptureCampaignMap:CaptureCameraToPNG (UnityEngine.Camera,string) (at Assets/Bladehold/Bladehold Scripts/Editor/BuildAndCaptureCampaignMap.cs:605)
BuildAndCaptureCampaignMap:CaptureProgressionScreenshots () (at Assets/Bladehold/Bladehold Scripts/Editor/BuildAndCaptureCampaignMap.cs:549)
BuildAndCaptureCampaignMap:ExecuteAll () (at Assets/Bladehold/Bladehold Scripts/Editor/BuildAndCaptureCampaignMap.cs:35)

(Filename: Assets/Bladehold/Bladehold Scripts/Editor/BuildAndCaptureCampaignMap.cs Line: 605)

Destroy may not be called from edit mode! Use DestroyImmediate instead.
Destroying an object in edit mode destroys it permanently.
UnityEngine.Debug:ExtractStackTraceNoAlloc (byte*,int,string)
UnityEngine.StackTraceUtility:ExtractStackTrace ()
UnityEngine.Object:Destroy (UnityEngine.Object,single)
UnityEngine.Object:Destroy (UnityEngine.Object)
CampaignMapUI:ClearPaths () (at Assets/Bladehold/Bladehold Scripts/Campaign/CampaignMapUI.cs:416)
CampaignMapUI:RefreshMap () (at Assets/Bladehold/Bladehold Scripts/Campaign/CampaignMapUI.cs:219)
BuildAndCaptureCampaignMap:CaptureProgressionScreenshots () (at Assets/Bladehold/Bladehold Scripts/Editor/BuildAndCaptureCampaignMap.cs:557)
BuildAndCaptureCampaignMap:ExecuteAll () (at Assets/Bladehold/Bladehold Scripts/Editor/BuildAndCaptureCampaignMap.cs:35)

[Assets/Bladehold/Bladehold Scripts/Campaign/CampaignMapUI.cs line 416]

Destroy may not be called from edit mode! Use DestroyImmediate instead.
Destroying an object in edit mode destroys it permanently.
UnityEngine.Debug:ExtractStackTraceNoAlloc (byte*,int,string)
UnityEngine.StackTraceUtility:ExtractStackTrace ()
UnityEngine.Object:Destroy (UnityEngine.Object,single)
UnityEngine.Object:Destroy (UnityEngine.Object)
CampaignMapUI:ClearPaths () (at Assets/Bladehold/Bladehold Scripts/Campaign/CampaignMapUI.cs:416)
CampaignMapUI:RefreshMap () (at Assets/Bladehold/Bladehold Scripts/Campaign/CampaignMapUI.cs:219)
BuildAndCaptureCampaignMap:CaptureProgressionScreenshots () (at Assets/Bladehold/Bladehold Scripts/Editor/BuildAndCaptureCampaignMap.cs:557)
BuildAndCaptureCampaignMap:ExecuteAll () (at Assets/Bladehold/Bladehold Scripts/Editor/BuildAndCaptureCampaignMap.cs:35)

[Assets/Bladehold/Bladehold Scripts/Campaign/CampaignMapUI.cs line 416]

Destroy may not be called from edit mode! Use DestroyImmediate instead.
Destroying an object in edit mode destroys it permanently.
UnityEngine.Debug:ExtractStackTraceNoAlloc (byte*,int,string)
UnityEngine.StackTraceUtility:ExtractStackTrace ()
UnityEngine.Object:Destroy (UnityEngine.Object,single)
UnityEngine.Object:Destroy (UnityEngine.Object)
CampaignMapUI:ClearPaths () (at Assets/Bladehold/Bladehold Scripts/Campaign/CampaignMapUI.cs:416)
CampaignMapUI:RefreshMap () (at Assets/Bladehold/Bladehold Scripts/Campaign/CampaignMapUI.cs:219)
BuildAndCaptureCampaignMap:CaptureProgressionScreenshots () (at Assets/Bladehold/Bladehold Scripts/Editor/BuildAndCaptureCampaignMap.cs:557)
BuildAndCaptureCampaignMap:ExecuteAll () (at Assets/Bladehold/Bladehold Scripts/Editor/BuildAndCaptureCampaignMap.cs:35)

[Assets/Bladehold/Bladehold Scripts/Campaign/CampaignMapUI.cs line 416]

Destroy may not be called from edit mode! Use DestroyImmediate instead.
Destroying an object in edit mode destroys it permanently.
UnityEngine.Debug:ExtractStackTraceNoAlloc (byte*,int,string)
UnityEngine.StackTraceUtility:ExtractStackTrace ()
UnityEngine.Object:Destroy (UnityEngine.Object,single)
UnityEngine.Object:Destroy (UnityEngine.Object)
CampaignMapUI:ClearPaths () (at Assets/Bladehold/Bladehold Scripts/Campaign/CampaignMapUI.cs:416)
CampaignMapUI:RefreshMap () (at Assets/Bladehold/Bladehold Scripts/Campaign/CampaignMapUI.cs:219)
BuildAndCaptureCampaignMap:CaptureProgressionScreenshots () (at Assets/Bladehold/Bladehold Scripts/Editor/BuildAndCaptureCampaignMap.cs:557)
BuildAndCaptureCampaignMap:ExecuteAll () (at Assets/Bladehold/Bladehold Scripts/Editor/BuildAndCaptureCampaignMap.cs:35)

[Assets/Bladehold/Bladehold Scripts/Campaign/CampaignMapUI.cs line 416]

Destroy may not be called from edit mode! Use DestroyImmediate instead.
Destroying an object in edit mode destroys it permanently.
UnityEngine.Debug:ExtractStackTraceNoAlloc (byte*,int,string)
UnityEngine.StackTraceUtility:ExtractStackTrace ()
UnityEngine.Object:Destroy (UnityEngine.Object,single)
UnityEngine.Object:Destroy (UnityEngine.Object)
CampaignMapUI:ClearPaths () (at Assets/Bladehold/Bladehold Scripts/Campaign/CampaignMapUI.cs:416)
CampaignMapUI:RefreshMap () (at Assets/Bladehold/Bladehold Scripts/Campaign/CampaignMapUI.cs:219)
BuildAndCaptureCampaignMap:CaptureProgressionScreenshots () (at Assets/Bladehold/Bladehold Scripts/Editor/BuildAndCaptureCampaignMap.cs:557)
BuildAndCaptureCampaignMap:ExecuteAll () (at Assets/Bladehold/Bladehold Scripts/Editor/BuildAndCaptureCampaignMap.cs:35)

[Assets/Bladehold/Bladehold Scripts/Campaign/CampaignMapUI.cs line 416]

Destroy may not be called from edit mode! Use DestroyImmediate instead.
Destroying an object in edit mode destroys it permanently.
UnityEngine.Debug:ExtractStackTraceNoAlloc (byte*,int,string)
UnityEngine.StackTraceUtility:ExtractStackTrace ()
UnityEngine.Object:Destroy (UnityEngine.Object,single)
UnityEngine.Object:Destroy (UnityEngine.Object)
CampaignMapUI:ClearPaths () (at Assets/Bladehold/Bladehold Scripts/Campaign/CampaignMapUI.cs:416)
CampaignMapUI:RefreshMap () (at Assets/Bladehold/Bladehold Scripts/Campaign/CampaignMapUI.cs:219)
BuildAndCaptureCampaignMap:CaptureProgressionScreenshots () (at Assets/Bladehold/Bladehold Scripts/Editor/BuildAndCaptureCampaignMap.cs:557)
BuildAndCaptureCampaignMap:ExecuteAll () (at Assets/Bladehold/Bladehold Scripts/Editor/BuildAndCaptureCampaignMap.cs:35)

[Assets/Bladehold/Bladehold Scripts/Campaign/CampaignMapUI.cs line 416]

Destroy may not be called from edit mode! Use DestroyImmediate instead.
Destroying an object in edit mode destroys it permanently.
UnityEngine.Debug:ExtractStackTraceNoAlloc (byte*,int,string)
UnityEngine.StackTraceUtility:ExtractStackTrace ()
UnityEngine.Object:Destroy (UnityEngine.Object,single)
UnityEngine.Object:Destroy (UnityEngine.Object)
CampaignMapUI:ClearPaths () (at Assets/Bladehold/Bladehold Scripts/Campaign/CampaignMapUI.cs:416)
CampaignMapUI:RefreshMap () (at Assets/Bladehold/Bladehold Scripts/Campaign/CampaignMapUI.cs:219)
BuildAndCaptureCampaignMap:CaptureProgressionScreenshots () (at Assets/Bladehold/Bladehold Scripts/Editor/BuildAndCaptureCampaignMap.cs:557)
BuildAndCaptureCampaignMap:ExecuteAll () (at Assets/Bladehold/Bladehold Scripts/Editor/BuildAndCaptureCampaignMap.cs:35)

[Assets/Bladehold/Bladehold Scripts/Campaign/CampaignMapUI.cs line 416]

Destroy may not be called from edit mode! Use DestroyImmediate instead.
Destroying an object in edit mode destroys it permanently.
UnityEngine.Debug:ExtractStackTraceNoAlloc (byte*,int,string)
UnityEngine.StackTraceUtility:ExtractStackTrace ()
UnityEngine.Object:Destroy (UnityEngine.Object,single)
UnityEngine.Object:Destroy (UnityEngine.Object)
CampaignMapUI:ClearPaths () (at Assets/Bladehold/Bladehold Scripts/Campaign/CampaignMapUI.cs:416)
CampaignMapUI:RefreshMap () (at Assets/Bladehold/Bladehold Scripts/Campaign/CampaignMapUI.cs:219)
BuildAndCaptureCampaignMap:CaptureProgressionScreenshots () (at Assets/Bladehold/Bladehold Scripts/Editor/BuildAndCaptureCampaignMap.cs:557)
BuildAndCaptureCampaignMap:ExecuteAll () (at Assets/Bladehold/Bladehold Scripts/Editor/BuildAndCaptureCampaignMap.cs:35)

[Assets/Bladehold/Bladehold Scripts/Campaign/CampaignMapUI.cs line 416]

Destroy may not be called from edit mode! Use DestroyImmediate instead.
Destroying an object in edit mode destroys it permanently.
UnityEngine.Debug:ExtractStackTraceNoAlloc (byte*,int,string)
UnityEngine.StackTraceUtility:ExtractStackTrace ()
UnityEngine.Object:Destroy (UnityEngine.Object,single)
UnityEngine.Object:Destroy (UnityEngine.Object)
CampaignMapUI:ClearPaths () (at Assets/Bladehold/Bladehold Scripts/Campaign/CampaignMapUI.cs:416)
CampaignMapUI:RefreshMap () (at Assets/Bladehold/Bladehold Scripts/Campaign/CampaignMapUI.cs:219)
BuildAndCaptureCampaignMap:CaptureProgressionScreenshots () (at Assets/Bladehold/Bladehold Scripts/Editor/BuildAndCaptureCampaignMap.cs:557)
BuildAndCaptureCampaignMap:ExecuteAll () (at Assets/Bladehold/Bladehold Scripts/Editor/BuildAndCaptureCampaignMap.cs:35)

[Assets/Bladehold/Bladehold Scripts/Campaign/CampaignMapUI.cs line 416]

Destroy may not be called from edit mode! Use DestroyImmediate instead.
Destroying an object in edit mode destroys it permanently.
UnityEngine.Debug:ExtractStackTraceNoAlloc (byte*,int,string)
UnityEngine.StackTraceUtility:ExtractStackTrace ()
UnityEngine.Object:Destroy (UnityEngine.Object,single)
UnityEngine.Object:Destroy (UnityEngine.Object)
CampaignMapUI:ClearPaths () (at Assets/Bladehold/Bladehold Scripts/Campaign/CampaignMapUI.cs:416)
CampaignMapUI:RefreshMap () (at Assets/Bladehold/Bladehold Scripts/Campaign/CampaignMapUI.cs:219)
BuildAndCaptureCampaignMap:CaptureProgressionScreenshots () (at Assets/Bladehold/Bladehold Scripts/Editor/BuildAndCaptureCampaignMap.cs:557)
BuildAndCaptureCampaignMap:ExecuteAll () (at Assets/Bladehold/Bladehold Scripts/Editor/BuildAndCaptureCampaignMap.cs:35)

[Assets/Bladehold/Bladehold Scripts/Campaign/CampaignMapUI.cs line 416]

Destroy may not be called from edit mode! Use DestroyImmediate instead.
Destroying an object in edit mode destroys it permanently.
UnityEngine.Debug:ExtractStackTraceNoAlloc (byte*,int,string)
UnityEngine.StackTraceUtility:ExtractStackTrace ()
UnityEngine.Object:Destroy (UnityEngine.Object,single)
UnityEngine.Object:Destroy (UnityEngine.Object)
CampaignMapUI:ClearPaths () (at Assets/Bladehold/Bladehold Scripts/Campaign/CampaignMapUI.cs:416)
CampaignMapUI:RefreshMap () (at Assets/Bladehold/Bladehold Scripts/Campaign/CampaignMapUI.cs:219)
BuildAndCaptureCampaignMap:CaptureProgressionScreenshots () (at Assets/Bladehold/Bladehold Scripts/Editor/BuildAndCaptureCampaignMap.cs:557)
BuildAndCaptureCampaignMap:ExecuteAll () (at Assets/Bladehold/Bladehold Scripts/Editor/BuildAndCaptureCampaignMap.cs:35)

[Assets/Bladehold/Bladehold Scripts/Campaign/CampaignMapUI.cs line 416]

Destroy may not be called from edit mode! Use DestroyImmediate instead.
Destroying an object in edit mode destroys it permanently.
UnityEngine.Debug:ExtractStackTraceNoAlloc (byte*,int,string)
UnityEngine.StackTraceUtility:ExtractStackTrace ()
UnityEngine.Object:Destroy (UnityEngine.Object,single)
UnityEngine.Object:Destroy (UnityEngine.Object)
CampaignMapUI:ClearPaths () (at Assets/Bladehold/Bladehold Scripts/Campaign/CampaignMapUI.cs:416)
CampaignMapUI:RefreshMap () (at Assets/Bladehold/Bladehold Scripts/Campaign/CampaignMapUI.cs:219)
BuildAndCaptureCampaignMap:CaptureProgressionScreenshots () (at Assets/Bladehold/Bladehold Scripts/Editor/BuildAndCaptureCampaignMap.cs:557)
BuildAndCaptureCampaignMap:ExecuteAll () (at Assets/Bladehold/Bladehold Scripts/Editor/BuildAndCaptureCampaignMap.cs:35)

[Assets/Bladehold/Bladehold Scripts/Campaign/CampaignMapUI.cs line 416]

Destroy may not be called from edit mode! Use DestroyImmediate instead.
Destroying an object in edit mode destroys it permanently.
UnityEngine.Debug:ExtractStackTraceNoAlloc (byte*,int,string)
UnityEngine.StackTraceUtility:ExtractStackTrace ()
UnityEngine.Object:Destroy (UnityEngine.Object,single)
UnityEngine.Object:Destroy (UnityEngine.Object)
CampaignMapUI:ClearPaths () (at Assets/Bladehold/Bladehold Scripts/Campaign/CampaignMapUI.cs:416)
CampaignMapUI:RefreshMap () (at Assets/Bladehold/Bladehold Scripts/Campaign/CampaignMapUI.cs:219)
BuildAndCaptureCampaignMap:CaptureProgressionScreenshots () (at Assets/Bladehold/Bladehold Scripts/Editor/BuildAndCaptureCampaignMap.cs:557)
BuildAndCaptureCampaignMap:ExecuteAll () (at Assets/Bladehold/Bladehold Scripts/Editor/BuildAndCaptureCampaignMap.cs:35)

[Assets/Bladehold/Bladehold Scripts/Campaign/CampaignMapUI.cs line 416]

Destroy may not be called from edit mode! Use DestroyImmediate instead.
Destroying an object in edit mode destroys it permanently.
UnityEngine.Debug:ExtractStackTraceNoAlloc (byte*,int,string)
UnityEngine.StackTraceUtility:ExtractStackTrace ()
UnityEngine.Object:Destroy (UnityEngine.Object,single)
UnityEngine.Object:Destroy (UnityEngine.Object)
CampaignMapUI:ClearPaths () (at Assets/Bladehold/Bladehold Scripts/Campaign/CampaignMapUI.cs:416)
CampaignMapUI:RefreshMap () (at Assets/Bladehold/Bladehold Scripts/Campaign/CampaignMapUI.cs:219)
BuildAndCaptureCampaignMap:CaptureProgressionScreenshots () (at Assets/Bladehold/Bladehold Scripts/Editor/BuildAndCaptureCampaignMap.cs:557)
BuildAndCaptureCampaignMap:ExecuteAll () (at Assets/Bladehold/Bladehold Scripts/Editor/BuildAndCaptureCampaignMap.cs:35)

[Assets/Bladehold/Bladehold Scripts/Campaign/CampaignMapUI.cs line 416]

Destroy may not be called from edit mode! Use DestroyImmediate instead.
Destroying an object in edit mode destroys it permanently.
UnityEngine.Debug:ExtractStackTraceNoAlloc (byte*,int,string)
UnityEngine.StackTraceUtility:ExtractStackTrace ()
UnityEngine.Object:Destroy (UnityEngine.Object,single)
UnityEngine.Object:Destroy (UnityEngine.Object)
CampaignMapUI:ClearPaths () (at Assets/Bladehold/Bladehold Scripts/Campaign/CampaignMapUI.cs:416)
CampaignMapUI:RefreshMap () (at Assets/Bladehold/Bladehold Scripts/Campaign/CampaignMapUI.cs:219)
BuildAndCaptureCampaignMap:CaptureProgressionScreenshots () (at Assets/Bladehold/Bladehold Scripts/Editor/BuildAndCaptureCampaignMap.cs:557)
BuildAndCaptureCampaignMap:ExecuteAll () (at Assets/Bladehold/Bladehold Scripts/Editor/BuildAndCaptureCampaignMap.cs:35)

[Assets/Bladehold/Bladehold Scripts/Campaign/CampaignMapUI.cs line 416]

Destroy may not be called from edit mode! Use DestroyImmediate instead.
Destroying an object in edit mode destroys it permanently.
UnityEngine.Debug:ExtractStackTraceNoAlloc (byte*,int,string)
UnityEngine.StackTraceUtility:ExtractStackTrace ()
UnityEngine.Object:Destroy (UnityEngine.Object,single)
UnityEngine.Object:Destroy (UnityEngine.Object)
CampaignMapUI:ClearPaths () (at Assets/Bladehold/Bladehold Scripts/Campaign/CampaignMapUI.cs:416)
CampaignMapUI:RefreshMap () (at Assets/Bladehold/Bladehold Scripts/Campaign/CampaignMapUI.cs:219)
BuildAndCaptureCampaignMap:CaptureProgressionScreenshots () (at Assets/Bladehold/Bladehold Scripts/Editor/BuildAndCaptureCampaignMap.cs:557)
BuildAndCaptureCampaignMap:ExecuteAll () (at Assets/Bladehold/Bladehold Scripts/Editor/BuildAndCaptureCampaignMap.cs:35)

[Assets/Bladehold/Bladehold Scripts/Campaign/CampaignMapUI.cs line 416]

Destroy may not be called from edit mode! Use DestroyImmediate instead.
Destroying an object in edit mode destroys it permanently.
UnityEngine.Debug:ExtractStackTraceNoAlloc (byte*,int,string)
UnityEngine.StackTraceUtility:ExtractStackTrace ()
UnityEngine.Object:Destroy (UnityEngine.Object,single)
UnityEngine.Object:Destroy (UnityEngine.Object)
CampaignMapUI:ClearPaths () (at Assets/Bladehold/Bladehold Scripts/Campaign/CampaignMapUI.cs:416)
CampaignMapUI:RefreshMap () (at Assets/Bladehold/Bladehold Scripts/Campaign/CampaignMapUI.cs:219)
BuildAndCaptureCampaignMap:CaptureProgressionScreenshots () (at Assets/Bladehold/Bladehold Scripts/Editor/BuildAndCaptureCampaignMap.cs:557)
BuildAndCaptureCampaignMap:ExecuteAll () (at Assets/Bladehold/Bladehold Scripts/Editor/BuildAndCaptureCampaignMap.cs:35)

[Assets/Bladehold/Bladehold Scripts/Campaign/CampaignMapUI.cs line 416]

Destroy may not be called from edit mode! Use DestroyImmediate instead.
Destroying an object in edit mode destroys it permanently.
UnityEngine.Debug:ExtractStackTraceNoAlloc (byte*,int,string)
UnityEngine.StackTraceUtility:ExtractStackTrace ()
UnityEngine.Object:Destroy (UnityEngine.Object,single)
UnityEngine.Object:Destroy (UnityEngine.Object)
CampaignMapUI:ClearPaths () (at Assets/Bladehold/Bladehold Scripts/Campaign/CampaignMapUI.cs:416)
CampaignMapUI:RefreshMap () (at Assets/Bladehold/Bladehold Scripts/Campaign/CampaignMapUI.cs:219)
BuildAndCaptureCampaignMap:CaptureProgressionScreenshots () (at Assets/Bladehold/Bladehold Scripts/Editor/BuildAndCaptureCampaignMap.cs:557)
BuildAndCaptureCampaignMap:ExecuteAll () (at Assets/Bladehold/Bladehold Scripts/Editor/BuildAndCaptureCampaignMap.cs:35)

[Assets/Bladehold/Bladehold Scripts/Campaign/CampaignMapUI.cs line 416]

Destroy may not be called from edit mode! Use DestroyImmediate instead.
Destroying an object in edit mode destroys it permanently.
UnityEngine.Debug:ExtractStackTraceNoAlloc (byte*,int,string)
UnityEngine.StackTraceUtility:ExtractStackTrace ()
UnityEngine.Object:Destroy (UnityEngine.Object,single)
UnityEngine.Object:Destroy (UnityEngine.Object)
CampaignMapUI:ClearPaths () (at Assets/Bladehold/Bladehold Scripts/Campaign/CampaignMapUI.cs:416)
CampaignMapUI:RefreshMap () (at Assets/Bladehold/Bladehold Scripts/Campaign/CampaignMapUI.cs:219)
BuildAndCaptureCampaignMap:CaptureProgressionScreenshots () (at Assets/Bladehold/Bladehold Scripts/Editor/BuildAndCaptureCampaignMap.cs:557)
BuildAndCaptureCampaignMap:ExecuteAll () (at Assets/Bladehold/Bladehold Scripts/Editor/BuildAndCaptureCampaignMap.cs:35)

[Assets/Bladehold/Bladehold Scripts/Campaign/CampaignMapUI.cs line 416]

[BuildAndCaptureCampaignMap] Saved screenshot: C:/Users/lance/.gemini/antigravity/brain/3e38f462-e87c-4c9b-9878-ffdd22d17f42\campaign_map_07_tier7_and_revelation.png and Screenshots\campaign_map_07_tier7_and_revelation.png (28 KB)
UnityEngine.Debug:ExtractStackTraceNoAlloc (byte*,int,string)
UnityEngine.StackTraceUtility:ExtractStackTrace ()
UnityEngine.DebugLogHandler:Internal_Log (UnityEngine.LogType,UnityEngine.LogOption,string,UnityEngine.Object)
UnityEngine.DebugLogHandler:LogFormat (UnityEngine.LogType,UnityEngine.Object,string,object[])
UnityEngine.Logger:Log (UnityEngine.LogType,object)
UnityEngine.Debug:Log (object)
BuildAndCaptureCampaignMap:CaptureCameraToPNG (UnityEngine.Camera,string) (at Assets/Bladehold/Bladehold Scripts/Editor/BuildAndCaptureCampaignMap.cs:605)
BuildAndCaptureCampaignMap:CaptureProgressionScreenshots () (at Assets/Bladehold/Bladehold Scripts/Editor/BuildAndCaptureCampaignMap.cs:559)
BuildAndCaptureCampaignMap:ExecuteAll () (at Assets/Bladehold/Bladehold Scripts/Editor/BuildAndCaptureCampaignMap.cs:35)

(Filename: Assets/Bladehold/Bladehold Scripts/Editor/BuildAndCaptureCampaignMap.cs Line: 605)

Start importing Assets/Bladehold/Bladehold Scenes/Bladehold Campaign Map Scene.unity using Guid(c4b13a7e589148d8b2d184091a1334bc) (DefaultImporter) -> (artifact id: 'a03fcf7bee5ceff7a2958b60d8c4eae0') in 0.0010323 seconds
Refreshing native plugins compatible for Editor in 10.07 ms, found 9 plugins.
Preloading 0 native plugins for Editor in 0.00 ms.
Asset Pipeline Refresh (id=7024effdf7a93194db1bdeb8b389b078): Total: 0.120 seconds - Initiated by StopAssetImportingV2(NoUpdateAssetOptions)
[BuildAndCaptureCampaignMap] Captured all 7 progression screenshots successfully!
UnityEngine.Debug:ExtractStackTraceNoAlloc (byte*,int,string)
UnityEngine.StackTraceUtility:ExtractStackTrace ()
UnityEngine.DebugLogHandler:Internal_Log (UnityEngine.LogType,UnityEngine.LogOption,string,UnityEngine.Object)
UnityEngine.DebugLogHandler:LogFormat (UnityEngine.LogType,UnityEngine.Object,string,object[])
UnityEngine.Logger:Log (UnityEngine.LogType,object)
UnityEngine.Debug:Log (object)
BuildAndCaptureCampaignMap:CaptureProgressionScreenshots () (at Assets/Bladehold/Bladehold Scripts/Editor/BuildAndCaptureCampaignMap.cs:564)
BuildAndCaptureCampaignMap:ExecuteAll () (at Assets/Bladehold/Bladehold Scripts/Editor/BuildAndCaptureCampaignMap.cs:35)

(Filename: Assets/Bladehold/Bladehold Scripts/Editor/BuildAndCaptureCampaignMap.cs Line: 564)

[BuildAndCaptureCampaignMap] === Finished All Operations Successfully! ===
UnityEngine.Debug:ExtractStackTraceNoAlloc (byte*,int,string)
UnityEngine.StackTraceUtility:ExtractStackTrace ()
UnityEngine.DebugLogHandler:Internal_Log (UnityEngine.LogType,UnityEngine.LogOption,string,UnityEngine.Object)
UnityEngine.DebugLogHandler:LogFormat (UnityEngine.LogType,UnityEngine.Object,string,object[])
UnityEngine.Logger:Log (UnityEngine.LogType,object)
UnityEngine.Debug:Log (object)
BuildAndCaptureCampaignMap:ExecuteAll () (at Assets/Bladehold/Bladehold Scripts/Editor/BuildAndCaptureCampaignMap.cs:36)

(Filename: Assets/Bladehold/Bladehold Scripts/Editor/BuildAndCaptureCampaignMap.cs Line: 36)

Batchmode quit successfully invoked - shutting down!
Leftover web requests after shut down
[Physics::Module] Cleanup current backend.
[Physics::Module] Id: 0xf2b8ea05
Input System module state changed to: ShutdownInProgress.
Input System polling thread exited.
Input System module state changed to: Shutdown.
[Licensing::IpcConnector] LicenseClient-lance-notifications channel disconnected successfully.
[Licensing::IpcConnector] LicenseClient-lance channel disconnected successfully.
AcceleratorClientConnectionCallback - disconnected - :0
Cleanup mono
Exiting batchmode successfully now!
Exiting without the bug reporter. Application will terminate with return code 0