key,context,en,fr,it,de,es,ru,zh,ja,ko
common.confirm,Generic dialog confirm button,Confirm,Confirmer,Conferma,Bestätigen,Confirmar,Подтвердить,确认,確認,확인
common.cancel,Generic dialog cancel button,Cancel,Annuler,Annulla,Abbrechen,Cancelar,Отмена,取消,キャンセル,취소
common.maxed,Skill node at max level,Maxed,Maximum,Massimo,Maximiert,Al máximo,Максимум,已满级,最大,최대
common.gold,Currency suffix on gold-tree node costs,gold,or,oro,Gold,oro,золота,金币,ゴールド,골드
common.pts,Currency suffix on Reincarnate node costs,pts,pts,pt,Pkt.,pts,очк.,点,pt,포인트
settings.language,Settings row label,Language,Langue,Lingua,Sprache,Idioma,Язык,语言,言語,언어
settings.language_auto,First dropdown option: follow the OS language,Auto (System),Auto (système),Auto (sistema),Auto (System),Auto (sistema),Авто (система),自动（系统）,自動（システム）,자동(시스템)
settings.gamepad_sensitivity,Settings row label for pad look speed,Gamepad Look Sensitivity,Sensibilité manette,Sensibilità gamepad,Gamepad-Empfindlichkeit,Sensibilidad del mando,Чувствительность геймпада,手柄视角灵敏度,ゲームパッド感度,게임패드 감도
settings.reset_confirm,Confirm dialog body for Reset Settings,Reset all settings to their defaults? Progress is not affected.,Réinitialiser tous les paramètres ? La progression n'est pas affectée.,Ripristinare tutte le impostazioni predefinite? I progressi non vengono toccati.,Alle Einstellungen zurücksetzen? Der Fortschritt bleibt erhalten.,¿Restablecer todos los ajustes? El progreso no se ve afectado.,Сбросить все настройки? Прогресс не будет затронут.,将所有设置恢复为默认值？进度不受影响。,すべての設定を初期値に戻しますか？進行状況は影響を受けません。,모든 설정을 기본값으로 되돌릴까요? 진행 상황은 영향을 받지 않습니다.
settings.reset,Reset Settings confirm button,Reset,Réinitialiser,Ripristina,Zurücksetzen,Restablecer,Сбросить,重置,リセット,초기화
settings.delete_save_confirm,Confirm dialog body for Delete Save,Delete all saved progress? Settings are kept. This cannot be undone.,Supprimer toute la progression sauvegardée ? Les paramètres sont conservés. Cette action est irréversible.,Eliminare tutti i progressi salvati? Le impostazioni vengono mantenute. Non è reversibile.,Alle gespeicherten Fortschritte löschen? Einstellungen bleiben erhalten. Kann nicht rückgängig gemacht werden.,¿Borrar todo el progreso guardado? Los ajustes se conservan. No se puede deshacer.,Удалить весь сохранённый прогресс? Настройки сохранятся. Это нельзя отменить.,删除所有已保存的进度？设置将保留。此操作无法撤销。,保存された進行状況をすべて削除しますか？設定は保持されます。元に戻せません。,저장된 진행 상황을 모두 삭제할까요? 설정은 유지됩니다. 되돌릴 수 없습니다.
settings.delete,Delete Save confirm button,Delete,Supprimer,Elimina,Löschen,Borrar,Удалить,删除,削除,삭제
wave.starts_in,HUD countdown; {0}=seconds,Wave starts in {0},La vague commence dans {0},L'ondata inizia tra {0},Welle beginnt in {0},La oleada empieza en {0},Волна начнётся через {0},第 {0} 秒后波次开始,ウェーブ開始まで {0},{0}초 후 웨이브 시작
wave.begin,Flashed when a wave starts,BEGIN,À L'ASSAUT,ALL'ATTACCO,LOS,¡AL ATAQUE!,В БОЙ,开始,開始,시작
wave.cleared,Flashed when a wave is finished,Wave Cleared!,Vague terminée !,Ondata completata!,Welle geschafft!,¡Oleada superada!,Волна пройдена!,波次通过！,ウェーブクリア！,웨이브 클리어!
skill.percent_increase,Tooltip delta line; {0}=percent,{0}% increase,+{0} %,+{0}%,+{0} %,+{0} %,+{0} %,提升 {0}%,{0}% 上昇,{0}% 증가
wave.label,Persistent wave number label; {0}=wave,Wave {0},Vague {0},Ondata {0},Welle {0},Oleada {0},Волна {0},第 {0} 波,ウェーブ {0},웨이브 {0}
wavestats.cleared,Intermission panel heading; {0}=wave number,Wave {0} Cleared,Vague {0} terminée,Ondata {0} completata,Welle {0} geschafft,Oleada {0} superada,Волна {0} пройдена,第 {0} 波已通过,ウェーブ {0} クリア,웨이브 {0} 클리어
wavestats.gold_bonus,Hold-the-line multiplier line; {0}=multiplier,x{0} Gold Bonus,Bonus d'or x{0},Bonus oro x{0},x{0} Gold-Bonus,Bonificación de oro x{0},Бонус золота x{0},x{0} 金币加成,ゴールドボーナス x{0},골드 보너스 x{0}
wavestats.goblins_slain,Scoreboard line; {0}=count,Goblins Slain: {0},Gobelins tués : {0},Goblin uccisi: {0},Getötete Goblins: {0},Goblins abatidos: {0},Убито гоблинов: {0},击杀哥布林：{0},ゴブリン討伐数：{0},처치한 고블린: {0}
wavestats.gold_earned,Scoreboard line; {0}=amount,Gold Earned: {0},Or gagné : {0},Oro guadagnato: {0},Verdientes Gold: {0},Oro ganado: {0},Получено золота: {0},获得金币：{0},獲得ゴールド：{0},획득한 골드: {0}
wavestats.total_gold,Scoreboard line; {0}=amount,Total Gold: {0},Or total : {0},Oro totale: {0},Gold gesamt: {0},Oro total: {0},Всего золота: {0},金币总计：{0},合計ゴールド：{0},총 골드: {0}
death.player_title,Death screen title when the hero dies,You Died,Vous êtes mort,Sei morto,Du bist gestorben,Has muerto,Вы погибли,你死了,死亡,사망했습니다
death.gate_title,Death screen title when the gate falls,The Gate Has Fallen,La porte est tombée,Il cancello è caduto,Das Tor ist gefallen,La puerta ha caído,Врата пали,城门已陷落,門は陥落した,성문이 함락되었습니다
death.player_reason,Death screen subtitle for hero death,The hero has fallen. All hope is lost.,Le héros est tombé. Tout espoir est perdu.,L'eroe è caduto. Ogni speranza è perduta.,Der Held ist gefallen. Alle Hoffnung ist verloren.,El héroe ha caído. Toda esperanza está perdida.,Герой пал. Надежды больше нет.,英雄倒下了。希望已然破灭。,英雄は倒れた。すべての希望は失われた。,영웅이 쓰러졌습니다. 모든 희망이 사라졌습니다.
death.gate_reason,Death screen subtitle for gate destruction,The gate was destroyed. We were overrun.,La porte a été détruite. Nous avons été submergés.,Il cancello è stato distrutto. Siamo stati travolti.,Das Tor wurde zerstört. Wir wurden überrannt.,La puerta fue destruida. Nos arrollaron.,Врата разрушены. Нас смяли.,城门被摧毁。我们被击溃了。,門は破壊され、我々は蹂躙された。,성문이 파괴되어 우리는 무너졌습니다.
death.restart_wave,Restart button; {0}=wave number,Restart Wave {0},Reprendre à la vague {0},Riprendi dall'ondata {0},Welle {0} neu starten,Reiniciar en la oleada {0},Начать с волны {0},从第 {0} 波重新开始,ウェーブ {0} から再開,웨이브 {0}부터 다시 시작
death.reincarnate,Reincarnate button; {0}=points gained,Reincarnate (+{0} pts),Se réincarner (+{0} pts),Reincarnati (+{0} pt),Reinkarnieren (+{0} Pkt.),Reencarnar (+{0} pts),Реинкарнация (+{0} очк.),转生（+{0} 点）,転生（+{0} pt）,환생 (+{0} 포인트)
death.begin_next_life,Class-select confirm button after reincarnating,Begin Next Life,Commencer une nouvelle vie,Inizia la prossima vita,Nächstes Leben beginnen,Comenzar la siguiente vida,Начать новую жизнь,开始新的人生,次の生を始める,다음 생 시작
skill.level_progress,Node level readout; {0}=level {1}=max,{0}/{1},{0}/{1},{0}/{1},{0}/{1},{0}/{1},{0}/{1},{0}/{1},{0}/{1},{0}/{1}
skill.cost,Node cost line; {0}=amount {1}=currency word,{0} {1},{0} {1},{0} {1},{0} {1},{0} {1},{0} {1},{0} {1},{0} {1},{0} {1}
skill.gold_readout,Gold total on the skill tree screen; {0}=amount,Gold: {0},Or : {0},Oro: {0},Gold: {0},Oro: {0},Золото: {0},金币：{0},ゴールド：{0},골드: {0}
rebind.press_any_key,Shown on a rebind slot awaiting input,Press any key...,Appuyez sur une touche...,Premi un tasto...,Beliebige Taste drücken...,Pulsa cualquier tecla...,Нажмите любую клавишу...,请按任意键...,いずれかのキーを押してください...,아무 키나 누르세요...
screenshot.saved_to,Photo mode toast; {0}=file path,Saved to {0},Enregistré dans {0},Salvato in {0},Gespeichert unter {0},Guardado en {0},Сохранено в {0},已保存到 {0},{0} に保存しました,{0}에 저장됨
stat.suffix.seconds,Unit suffix for seconds in stat tooltips,s,s,s,s,s,с,秒,秒,초
hint.attack,Control hint label,Attack,Attaquer,Attacca,Angreifen,Atacar,Атака,攻击,攻撃,공격
hint.aim,Control hint label,Aim,Viser,Mira,Zielen,Apuntar,Прицел,瞄准,エイム,조준
hint.sprint,Control hint label,Sprint,Sprinter,Scatta,Sprinten,Esprintar,Бег,冲刺,スプリント,전력 질주
hint.jump,Control hint label,Jump,Sauter,Salta,Springen,Saltar,Прыжок,跳跃,ジャンプ,점프
hint.dismount,Control hint label while mounted,Dismount,Descendre,Smonta,Absteigen,Desmontar,Спешиться,下马,降りる,내리기
hint.pause,Control hint label,Pause,Pause,Pausa,Pause,Pausa,Пауза,暂停,ポーズ,일시 정지
hint.back,Control hint label,Back,Retour,Indietro,Zurück,Atrás,Назад,返回,戻る,뒤로
hint.tree.pan,Skill tree hint label,Pan,Déplacer,Sposta,Verschieben,Desplazar,Обзор,平移,移動,이동
hint.tree.zoom,Skill tree hint label,Zoom,Zoomer,Zoom,Zoomen,Zoom,Масштаб,缩放,ズーム,확대/축소
hint.tree.buy,Skill tree hint label,Buy Skill,Acheter,Acquista,Kaufen,Comprar,Купить,购买技能,スキル購入,스킬 구매
hint.tree.tabs,Skill tree hint label,Switch Tab,Changer d'onglet,Cambia scheda,Tab wechseln,Cambiar pestaña,Сменить вкладку,切换标签,タブ切替,탭 전환
class.berserker.desc,(generated),"Fury made flesh. Trades finesse for raw power — a heavy axe to throw, and rage that turns pain into strength.","La furie incarnée. Sacrifie la finesse au profit de la puissance brute — une hache lourde à lancer, et une rage qui change la douleur en force.",La furia fatta carne. Sacrifica la finezza per la pura potenza — un'ascia pesante da lanciare e una rabbia che trasforma il dolore in forza.,"Zorn in Fleisch und Blut. Tauscht Finesse gegen rohe Gewalt — eine schwere Wurfaxt und Wut, die Schmerz in Stärke verwandelt.",La furia hecha carne. Cambia la delicadeza por poder bruto: un hacha pesada para lanzar y una ira que convierte el dolor en fuerza.,"Ярость во плоти. Меняет изящество на грубую силу — тяжёлый метательный топор и ярость, обращающая боль в силу.",狂怒的化身。舍弃技巧，换取蛮力——一把可投掷的重斧，以及化痛苦为力量的怒火。,怒りの化身。技巧を捨てて剛力を得る——投擲用の重斧と、痛みを力に変える怒り。,분노의 화신. 기교 대신 순수한 힘을 택한다 — 던질 수 있는 무거운 도끼와 고통을 힘으로 바꾸는 분노.
class.berserker.name,(generated),Berserker,Berserker,Berserker,Berserker,Berserker,Берсерк,狂战士,バーサーカー,광전사
class.mage.desc,(generated) HUMAN: retranslate — en only; blank cells fall back to SO English,"A robed elementalist. Wields a staff and a hand-wound wand, imbuing both with Fire, Lightning, or Ice.",,,,,,,,
class.mage.name,(generated) HUMAN: retranslate — en only; blank cells fall back to SO English,Mage,,,,,,,,
class.swordsman.desc,(generated) HUMAN: retranslate — en changed for the Ranger rename; other languages blanked (fall back to SO English) until retranslated,"A woodland marksman. Balanced speed and steel up close, with a longbow for picking off the horde at range.",,,,,,,,
class.swordsman.name,(generated),Ranger,Rôdeur,Ranger,Waldläufer,Guardabosques,Следопыт,游侠,レンジャー,레인저
classselect.title,Class-select screen headline,Begin Your Next Life,Commencer votre nouvelle vie,Inizia la tua prossima vita,Beginne dein nächstes Leben,Comienza tu siguiente vida,Начните новую жизнь,开始你的新人生,次の人生を始めよう,다음 생을 시작하세요
classselect.key_skills,Class-select screen section label above the Key Skills row,Key Skills,Compétences clés,Abilità chiave,Schlüsselfertigkeiten,Habilidades clave,Ключевые навыки,核心技能,主要スキル,핵심 스킬
classselect.spend_points,Class-select screen toggle button that reveals the Reincarnate tree,Spend Points,Dépenser des points,Spendi punti,Punkte ausgeben,Gastar puntos,Потратить очки,消费点数,ポイントを使う,포인트 사용
enemy.ancient_queen.name,(generated),Ancient Queen,Reine antique,Regina antica,Uralte Königin,Reina antigua,Древняя королева,远古女王,古代の女王,고대 여왕
enemy.ancient_warrior.name,(generated),Ancient Warrior,Guerrier antique,Guerriero antico,Uralter Krieger,Guerrero antiguo,Древний воин,远古战士,古代の戦士,고대 전사
enemy.barbarian_giant.name,(generated),Barbarian Giant,Géant barbare,Gigante barbaro,Barbarenriese,Gigante bárbaro,Великан-варвар,野蛮巨人,蛮族の巨人,야만 거인
enemy.big_ork.name,(generated),Big Ork,Grand Ork,Grande Orco,Großer Ork,Gran Orco,Большой орк,大兽人,ビッグオーク,대형 오크
enemy.bomber.name,(generated),Bomber,Bombardier,Bombardiere,Bomber,Bombardero,Бомбардир,投弹手,ボマー,폭탄병
enemy.dark_elf.name,(generated),Dark Elf,Elfe noir,Elfo oscuro,Dunkelelf,Elfo oscuro,Тёмный эльф,黑暗精灵,ダークエルフ,다크 엘프
enemy.dwarf.name,(generated),Dwarf,Nain,Nano,Zwerg,Enano,Гном,矮人,ドワーフ,드워프
enemy.evil_god.name,(generated),Evil God,Dieu maléfique,Dio malvagio,Böser Gott,Dios maligno,Злой бог,邪神,邪神,사악한 신
enemy.forest_guardian.name,(generated),Forest Guardian,Gardien de la forêt,Guardiano della foresta,Waldwächter,Guardián del bosque,Страж леса,森林守护者,森の守護者,숲의 수호자
enemy.forest_witch.name,(generated),Forest Witch,Sorcière de la forêt,Strega della foresta,Waldhexe,Bruja del bosque,Лесная ведьма,森林女巫,森の魔女,숲의 마녀
enemy.fort_golem.name,(generated),Fort Golem,Golem forteresse,Golem fortezza,Festungsgolem,Gólem fortaleza,Голем-крепость,堡垒魔像,フォートゴーレム,요새 골렘
enemy.goblin.name,(generated),Goblin,Gobelin,Goblin,Goblin,Goblin,Гоблин,哥布林,ゴブリン,고블린
enemy.goblin_brute.name,(generated),Goblin Brute,Brute gobeline,Bruto goblin,Goblin-Schläger,Bruto goblin,Гоблин-громила,哥布林蛮兵,ゴブリンブルート,고블린 브루트
enemy.knight.name,(generated),Knight,Chevalier,Cavaliere,Ritter,Caballero,Рыцарь,骑士,ナイト,기사
enemy.mechanical_golem.name,(generated),Mechanical Golem,Golem mécanique,Golem meccanico,Mechanischer Golem,Gólem mecánico,Механический голем,机械魔像,機械ゴーレム,기계 골렘
enemy.medusa.name,(generated),Medusa,Méduse,Medusa,Medusa,Medusa,Медуза,美杜莎,メデューサ,메두사
enemy.mutant_guy.name,(generated),Mutant Guy,Mutant,Mutante,Mutant,Mutante,Мутант,变异人,ミュータント,돌연변이
enemy.mystic.name,(generated),Mystic,Mystique,Mistico,Mystiker,Místico,Мистик,秘法师,ミスティック,신비술사
enemy.pig_butcher.name,(generated),Pig Butcher,Cochon boucher,Maiale macellaio,Schweinemetzger,Cerdo carnicero,Свин-мясник,屠夫猪,ピッグブッチャー,돼지 백정
enemy.red_demon.name,(generated),Red Demon,Démon rouge,Demone rosso,Roter Dämon,Demonio rojo,Красный демон,红魔,レッドデーモン,붉은 악마
enemy.slayer.name,(generated),Slayer,Pourfendeur,Sterminatore,Schlächter,Exterminador,Истребитель,屠戮者,スレイヤー,슬레이어
enemy.spirit_demon.name,(generated),Spirit Demon,Démon spirituel,Demone spirituale,Geisterdämon,Demonio espiritual,Демон-дух,幽魂恶魔,スピリットデーモン,정령 악마
enemy.storm_witch.name,(generated),Storm Witch,Sorcière des tempêtes,Strega delle tempeste,Sturmhexe,Bruja de la tormenta,Ведьма бури,风暴女巫,ストームウィッチ,폭풍 마녀
enemy.troll.name,(generated),Troll,Troll,Troll,Troll,Trol,Тролль,巨魔,トロール,트롤
skill.berserker.alldmg.desc,(generated),Increase all damage,Augmente tous les dégâts,Aumenta tutti i danni,Erhöht den gesamten Schaden,Aumenta todo el daño,Увеличивает весь урон,提升所有伤害,全ダメージを増加,모든 피해량 증가
skill.berserker.alldmg.name,(generated),Raw Power,Puissance brute,Potenza pura,Rohe Gewalt,Poder bruto,Грубая сила,蛮力,剛力,순수한 힘
skill.berserker.alldmg.upgrade,(generated),Increase all damage further,Augmente encore tous les dégâts,Aumenta ulteriormente tutti i danni,Erhöht den gesamten Schaden weiter,Aumenta aún más todo el daño,Ещё сильнее увеличивает весь урон,进一步提升所有伤害,全ダメージをさらに増加,모든 피해량 추가 증가
skill.berserker.ampknock.desc,(generated),Charging your weapon also increases knockback,Charger l'arme augmente aussi le recul,Caricare l'arma aumenta anche la respinta,Das Aufladen der Waffe erhöht auch den Rückstoß,Cargar el arma también aumenta el empuje,Зарядка оружия также усиливает отбрасывание,蓄力武器时还会提升击退效果,武器のチャージでノックバックも増加,무기 충전 시 넉백도 증가
skill.berserker.ampknock.name,(generated),Amplified Knockback,Recul amplifié,Respinta amplificata,Verstärkter Rückstoß,Empuje amplificado,Усиленное отбрасывание,强化击退,ノックバック増幅,넉백 증폭
skill.berserker.ampknock.upgrade,(generated),Increase charge knockback further,Augmente encore le recul en charge,Aumenta ulteriormente la respinta caricata,Erhöht den Aufladungs-Rückstoß weiter,Aumenta aún más el empuje cargado,Ещё сильнее усиливает отбрасывание при зарядке,进一步提升蓄力击退,チャージ時のノックバックをさらに増加,충전 넉백 추가 증가
skill.berserker.axe_boomerang.desc,(generated),"Your axe returns to you after striking terrain, spending its pierce, or flying its full range — hitting enemies on the way back too","La hache revient après avoir frappé le terrain, épuisé sa perforation ou atteint sa portée maximale — et frappe aussi les ennemis au retour","L'ascia torna indietro dopo aver colpito il terreno, esaurito la perforazione o raggiunto la gittata massima — colpendo i nemici anche al ritorno","Die Axt kehrt zurück, nachdem sie Gelände getroffen, ihre Durchschläge verbraucht oder ihre volle Reichweite erreicht hat — und trifft auf dem Rückweg ebenfalls Gegner","El hacha regresa tras golpear el terreno, agotar su perforación o alcanzar su alcance máximo, golpeando también a los enemigos a la vuelta","Топор возвращается, ударившись о препятствие, исчерпав пробивание или пролетев всю дальность — и поражает врагов на обратном пути",斧头在击中地形、耗尽穿透或飞至最大距离后返回——回程同样会击中敌人,斧は地形に当たるか、貫通を使い切るか、最大射程まで飛ぶと手元に戻り、戻る途中でも敵にヒットする,"도끼가 지형에 부딪히거나 관통을 소진하거나 최대 사거리까지 날아가면 돌아오며, 돌아오는 길에도 적을 타격한다"
skill.berserker.axe_boomerang.name,(generated),Boomerang,Boomerang,Boomerang,Bumerang,Bumerán,Бумеранг,回旋镖,ブーメラン,부메랑
skill.berserker.axe_charge.desc,(generated),More throw damage per second wound up,Plus de dégâts de lancer par seconde d'armement,Più danni da lancio per ogni secondo di carica,Mehr Wurfschaden pro Sekunde Aufladung,Más daño de lanzamiento por segundo de carga,Больше урона от броска за каждую секунду замаха,蓄力每多一秒，投掷伤害越高,溜めた秒数に応じて投擲ダメージ増加,감아올린 시간 1초당 투척 피해량 증가
skill.berserker.axe_charge.name,(generated),Wound Up,À bloc,Carica a molla,Aufgezogen,A toda cuerda,На взводе,蓄势待发,ワインドアップ,와인드업
skill.berserker.axe_charge.upgrade,(generated),+1 max charge level,+1 niveau de charge max,+1 livello di carica max,+1 maximale Aufladestufe,+1 nivel de carga máx.,+1 к макс. уровню заряда,最大蓄力等级+1,最大チャージレベル+1,최대 충전 레벨 +1
skill.berserker.axe_dmg.desc,(generated),Increase throwing axe damage,Augmente les dégâts de la hache de lancer,Aumenta i danni dell'ascia da lancio,Erhöht den Schaden der Wurfaxt,Aumenta el daño del hacha arrojadiza,Увеличивает урон метательного топора,提升飞斧伤害,投げ斧のダメージを増加,투척 도끼 피해량 증가
skill.berserker.axe_dmg.name,(generated),Heavier Head,Tête plus lourde,Testa più pesante,Schwererer Kopf,Cabeza más pesada,Утяжелённый обух,加重斧头,ヘビーヘッド,무거운 도끼머리
skill.berserker.axe_dmg.upgrade,(generated),Increase throwing axe damage further,Augmente encore les dégâts de la hache de lancer,Aumenta ulteriormente i danni dell'ascia da lancio,Erhöht den Schaden der Wurfaxt weiter,Aumenta aún más el daño del hacha arrojadiza,Ещё сильнее увеличивает урон метательного топора,进一步提升飞斧伤害,投げ斧のダメージをさらに増加,투척 도끼 피해량 추가 증가
skill.berserker.axe_knock.desc,(generated),Increase throw knockback,Augmente le recul du lancer,Aumenta la respinta del lancio,Erhöht den Wurf-Rückstoß,Aumenta el empuje del lanzamiento,Усиливает отбрасывание от броска,提升投掷击退,投擲のノックバックを増加,투척 넉백 증가
skill.berserker.axe_knock.name,(generated),Crushing Throw,Lancer écrasant,Lancio devastante,Vernichtender Wurf,Lanzamiento aplastante,Сокрушительный бросок,粉碎投掷,クラッシュスロー,분쇄 투척
skill.berserker.axe_knock.upgrade,(generated),Increase throw knockback further,Augmente encore le recul du lancer,Aumenta ulteriormente la respinta del lancio,Erhöht den Wurf-Rückstoß weiter,Aumenta aún más el empuje del lanzamiento,Ещё сильнее усиливает отбрасывание от броска,进一步提升投掷击退,投擲のノックバックをさらに増加,투척 넉백 추가 증가
skill.berserker.axe_pierce.desc,(generated),Throws pierce through more enemies,Les lancers transpercent plus d'ennemis,I lanci perforano più nemici,Würfe durchbohren mehr Gegner,Los lanzamientos atraviesan a más enemigos,Броски пробивают больше врагов,投掷可穿透更多敌人,投擲がより多くの敵を貫通,투척이 더 많은 적을 관통
skill.berserker.axe_pierce.name,(generated),Skull Splitter,Fend-crâne,Spaccateschi,Schädelspalter,Rompecráneos,Черепокол,碎颅者,スカルスプリッター,두개골 분쇄
skill.berserker.axe_pierce.upgrade,(generated),Pierce through one more enemy,Transperce un ennemi de plus,Perfora un nemico in più,Durchbohrt einen weiteren Gegner,Atraviesa a un enemigo más,Пробивает ещё одного врага,额外穿透一名敌人,貫通する敵が1体増加,적 1명 추가 관통
skill.berserker.axe_unlock.desc,(generated),"Unlock the throwing axe: hold aim to wind up, attack to hurl it through enemies in a line","Débloque la hache de lancer : maintenir la visée pour armer, attaquer pour la projeter à travers les ennemis en ligne","Sblocca l'ascia da lancio: tieni premuta la mira per caricare, attacca per scagliarla attraverso i nemici in linea","Schaltet die Wurfaxt frei: Zielen halten zum Ausholen, Angreifen, um sie in gerader Linie durch Gegner zu schleudern",Desbloquea el hacha arrojadiza: mantén apuntado para cargar y ataca para lanzarla en línea a través de los enemigos,"Открывает метательный топор: удерживайте прицеливание для замаха, атакуйте, чтобы метнуть его сквозь врагов по прямой",解锁飞斧：按住瞄准蓄力，按攻击将其掷出，沿直线穿透敌人,投げ斧を解放：エイム長押しで振りかぶり、攻撃で敵を一直線に貫くように投げつける,투척 도끼 해제: 조준을 길게 눌러 힘을 모으고 공격 버튼으로 적을 일직선으로 관통하도록 던진다
skill.berserker.axe_unlock.name,(generated),Throwing Axe,Hache de lancer,Ascia da lancio,Wurfaxt,Hacha arrojadiza,Метательный топор,飞斧,スローイングアックス,투척 도끼
skill.berserker.axe_width.desc,(generated),Widen the throw's path,Élargit la trajectoire du lancer,Allarga la traiettoria del lancio,Verbreitert die Flugbahn des Wurfs,Amplía la trayectoria del lanzamiento,Расширяет траекторию броска,拓宽投掷路径,投擲の軌道を拡大,투척 경로 확장
skill.berserker.axe_width.name,(generated),Wide Arc,Arc large,Arco ampio,Weiter Bogen,Arco amplio,Широкая дуга,宽弧,ワイドアーク,넓은 궤적
skill.berserker.axe_width.upgrade,(generated),Widen the throw's path further,Élargit encore la trajectoire du lancer,Allarga ulteriormente la traiettoria del lancio,Verbreitert die Flugbahn des Wurfs weiter,Amplía aún más la trayectoria del lanzamiento,Ещё сильнее расширяет траекторию броска,进一步拓宽投掷路径,投擲の軌道をさらに拡大,투척 경로 추가 확장
skill.berserker.butter.desc,(generated),Axe cuts through more enemies,La hache tranche plus d'ennemis,L'ascia taglia più nemici,Die Axt schneidet durch mehr Gegner,El hacha corta a través de más enemigos,Топор рассекает больше врагов,斧头可斩击更多敌人,斧がより多くの敵を切り裂く,도끼가 더 많은 적을 벤다
skill.berserker.butter.name,(generated),Like Butter,Comme dans du beurre,Come nel burro,Wie durch Butter,Como mantequilla,Как по маслу,如切黄油,バターのように,버터처럼
skill.berserker.butter.upgrade,(generated),Cut through one more enemy,Tranche un ennemi de plus,Taglia un nemico in più,Schneidet durch einen weiteren Gegner,Corta a un enemigo más,Рассекает ещё одного врага,额外斩击一名敌人,切り裂く敵が1体増加,적 1명 추가 베기
skill.berserker.charge_unlock.desc,(generated),Increase axe damage for every second held,Augmente les dégâts de la hache pour chaque seconde de maintien,Aumenta i danni dell'ascia per ogni secondo di carica,Erhöht den Axtschaden für jede gehaltene Sekunde,Aumenta el daño del hacha por cada segundo mantenido,Увеличивает урон топора за каждую секунду удержания,每按住一秒，斧头伤害提升,長押し1秒ごとに斧のダメージ増加,유지 1초당 도끼 피해량 증가
skill.berserker.charge_unlock.name,(generated),Heavy Strike,Frappe lourde,Colpo pesante,Schwerer Schlag,Golpe pesado,Тяжёлый удар,重击,ヘビーストライク,강타
skill.berserker.charge_unlock.upgrade,(generated),+1 max charge level,+1 niveau de charge max,+1 livello di carica max,+1 maximale Aufladestufe,+1 nivel de carga máx.,+1 к макс. уровню заряда,最大蓄力等级+1,最大チャージレベル+1,최대 충전 레벨 +1
skill.berserker.conduit.desc,(generated),Reduce lightning damage to yourself and chance to chain lightning every hit,Réduit les dégâts de foudre subis et donne une chance de foudre en chaîne à chaque coup,Riduce i danni da fulmine subiti e dà una probabilità di fulmine a catena a ogni colpo,Reduziert erlittenen Blitzschaden und gewährt bei jedem Treffer eine Chance auf Kettenblitz,Reduce el daño de rayo recibido y otorga probabilidad de rayo en cadena en cada golpe,Снижает получаемый урон от молний и даёт шанс цепной молнии при каждом ударе,减少自身受到的闪电伤害，每次攻击有几率触发连锁闪电,自身が受ける雷ダメージを軽減し、攻撃ごとに確率でチェインライトニングが発動,자신이 받는 번개 피해를 줄이고 매 타격마다 연쇄 번개 확률 부여
skill.berserker.conduit.name,(generated),Conduit,Conducteur,Conduttore,Leiter,Conducto,Проводник,导体,コンジット,전도체
skill.berserker.conduit.upgrade,(generated),Improve lightning resistance and chain chance,Améliore la résistance à la foudre et la chance d'enchaînement,Migliora la resistenza ai fulmini e la probabilità di concatenazione,Verbessert Blitzresistenz und Kettenchance,Mejora la resistencia al rayo y la probabilidad de encadenamiento,Повышает сопротивление молнии и шанс цепной реакции,提升闪电抗性和连锁几率,雷耐性と連鎖確率を強化,번개 저항과 연쇄 확률 향상
skill.berserker.counter.desc,(generated),Increase parry damage,Augmente les dégâts de parade,Aumenta i danni da parata,Erhöht den Paradeschaden,Aumenta el daño de parada,Увеличивает урон парирования,提升招架伤害,パリィダメージを増加,패링 피해 증가
skill.berserker.counter.name,(generated),Counterstrike,Contre-attaque,Contrattacco,Konterschlag,Contraataque,Контрудар,反击,カウンターストライク,반격
skill.berserker.counter.upgrade,(generated),Increase parry damage further,Augmente encore les dégâts de parade,Aumenta ulteriormente i danni da parata,Erhöht den Paradeschaden weiter,Aumenta aún más el daño de parada,Ещё больше увеличивает урон парирования,进一步提升招架伤害,パリィダメージをさらに増加,패링 피해 추가 증가
skill.berserker.crit_1.desc,(generated),Increase critical strike chance,Augmente les chances de coup critique,Aumenta la probabilità di colpo critico,Erhöht die kritische Trefferchance,Aumenta la probabilidad de golpe crítico,Увеличивает шанс критического удара,提升暴击几率,クリティカル率を増加,치명타 확률 증가
skill.berserker.crit_1.name,(generated),Keen Eye,Œil de lynx,Occhio acuto,Scharfes Auge,Ojo avizor,Зоркий глаз,锐眼,鋭き眼,예리한 눈
skill.berserker.critdmg.desc,(generated),Increase critical strike damage,Augmente les dégâts des coups critiques,Aumenta i danni dei colpi critici,Erhöht den kritischen Schaden,Aumenta el daño de golpe crítico,Увеличивает урон критических ударов,提升暴击伤害,クリティカルダメージを増加,치명타 피해 증가
skill.berserker.critdmg.name,(generated),Critical Damage,Dégâts critiques,Danno critico,Kritischer Schaden,Daño crítico,Критический урон,暴击伤害,クリティカルダメージ,치명타 피해
skill.berserker.critdmg.upgrade,(generated),Increase critical strike damage further,Augmente encore les dégâts des coups critiques,Aumenta ulteriormente i danni dei colpi critici,Erhöht den kritischen Schaden weiter,Aumenta aún más el daño de golpe crítico,Ещё больше увеличивает урон критических ударов,进一步提升暴击伤害,クリティカルダメージをさらに増加,치명타 피해 추가 증가
skill.berserker.horse_heal.desc,(generated),Health Packs your horse runs over also heal the horse,Les kits de soin écrasés par votre cheval le soignent aussi,I kit medici calpestati dal tuo cavallo curano anche il cavallo,"Heilpakete, die dein Pferd überläuft, heilen auch das Pferd",Los botiquines que tu caballo pisa también curan al caballo,"Аптечки, по которым пробегает ваша лошадь, лечат и её",你的马踩过的治疗包也会治疗马匹,馬が踏んだ回復パックは馬も回復する,말이 밟은 회복 팩이 말도 치유합니다
skill.berserker.horse_heal.name,(generated),Stable Diet,Régime d'écurie,Dieta da stalla,Stallkost,Dieta de establo,Конюшенный рацион,马厩食谱,馬小屋の食事,마구간 식단
skill.berserker.horse_health.desc,(generated),Increase your horse's max health,Augmente la santé maximale de votre cheval,Aumenta la salute massima del tuo cavallo,Erhöht die maximale Gesundheit deines Pferdes,Aumenta la salud máxima de tu caballo,Увеличивает максимальное здоровье вашей лошади,提升马匹的最大生命值,馬の最大体力を増加,말의 최대 체력 증가
skill.berserker.horse_health.name,(generated),Barded Steed,Destrier caparaçonné,Destriero bardato,Gepanzertes Ross,Corcel acorazado,Бронированный скакун,披甲战马,装甲の軍馬,무장한 군마
skill.berserker.horse_health.upgrade,(generated),Increase your horse's max health further,Augmente encore la santé maximale de votre cheval,Aumenta ulteriormente la salute massima del tuo cavallo,Erhöht die maximale Gesundheit deines Pferdes weiter,Aumenta aún más la salud máxima de tu caballo,Ещё больше увеличивает максимальное здоровье вашей лошади,进一步提升马匹的最大生命值,馬の最大体力をさらに増加,말의 최대 체력 추가 증가
skill.berserker.horse_speed.desc,(generated),Increase your horse's speed,Augmente la vitesse de votre cheval,Aumenta la velocità del tuo cavallo,Erhöht die Geschwindigkeit deines Pferdes,Aumenta la velocidad de tu caballo,Увеличивает скорость вашей лошади,提升马匹速度,馬の速度を増加,말의 속도 증가
skill.berserker.horse_speed.name,(generated),Thoroughbred,Pur-sang,Purosangue,Vollblut,Purasangre,Чистокровный,纯种马,サラブレッド,순종마
skill.berserker.horse_speed.upgrade,(generated),Increase your horse's speed further,Augmente encore la vitesse de votre cheval,Aumenta ulteriormente la velocità del tuo cavallo,Erhöht die Geschwindigkeit deines Pferdes weiter,Aumenta aún más la velocidad de tu caballo,Ещё больше увеличивает скорость вашей лошади,进一步提升马匹速度,馬の速度をさらに増加,말의 속도 추가 증가
skill.berserker.horse_unlock.desc,(generated),Unlock horse riding: jump onto a riderless horse to mount and press X to dismount,Débloque l'équitation : sautez sur un cheval sans cavalier pour le monter et appuyez sur X pour descendre,Sblocca l'equitazione: salta su un cavallo senza cavaliere per montarlo e premi X per smontare,"Schaltet das Reiten frei: Springe auf ein reiterloses Pferd, um aufzusitzen, und drücke X zum Absitzen",Desbloquea la equitación: salta sobre un caballo sin jinete para montarlo y pulsa X para desmontar,"Открывает верховую езду: запрыгните на лошадь без всадника, чтобы сесть верхом, и нажмите X, чтобы спешиться",解锁骑马：跳上无主之马即可骑乘，按X下马,騎乗を解放：乗り手のいない馬に飛び乗って騎乗し、Xで降りる,승마 해금: 주인 없는 말에 올라타 탑승하고 X를 눌러 내립니다
skill.berserker.horse_unlock.name,(generated),Saddle Up,En selle,In sella,Aufgesattelt,A caballo,По коням,上马,鞍上へ,안장에 올라
skill.berserker.impchance.desc,(generated),Increase Impulse Goblin spawn chance,Augmente les chances d'apparition des Gobelins d'impulsion,Aumenta la probabilità di comparsa dei Goblin Impulso,Erhöht die Erscheinungschance von Impuls-Goblins,Aumenta la probabilidad de aparición de los Goblins de impulso,Увеличивает шанс появления импульсных гоблинов,提升脉冲哥布林的出现几率,インパルスゴブリンの出現率を増加,임펄스 고블린 등장 확률 증가
skill.berserker.impchance.name,(generated),Impulse Scent,Flair d'impulsion,Fiuto d'impulso,Impulswitterung,Olfato de impulso,Импульсное чутьё,脉冲嗅觉,インパルスの嗅覚,임펄스 감지
skill.berserker.impchance.upgrade,(generated),Increase Impulse Goblin spawn chance further,Augmente encore les chances d'apparition des Gobelins d'impulsion,Aumenta ulteriormente la probabilità di comparsa dei Goblin Impulso,Erhöht die Erscheinungschance von Impuls-Goblins weiter,Aumenta aún más la probabilidad de aparición de los Goblins de impulso,Ещё больше увеличивает шанс появления импульсных гоблинов,进一步提升脉冲哥布林的出现几率,インパルスゴブリンの出現率をさらに増加,임펄스 고블린 등장 확률 추가 증가
skill.berserker.impdur.desc,(generated),Increase impulse buff duration,Augmente la durée du bonus d'impulsion,Aumenta la durata del potenziamento impulso,Erhöht die Dauer des Impuls-Buffs,Aumenta la duración de la mejora de impulso,Увеличивает длительность импульсного усиления,提升脉冲增益持续时间,インパルスバフの持続時間を増加,임펄스 버프 지속시간 증가
skill.berserker.impdur.name,(generated),Lingering Impulse,Impulsion persistante,Impulso persistente,Anhaltender Impuls,Impulso persistente,Стойкий импульс,持久脉冲,残留インパルス,지속되는 임펄스
skill.berserker.impdur.upgrade,(generated),Increase impulse buff duration further,Augmente encore la durée du bonus d'impulsion,Aumenta ulteriormente la durata del potenziamento impulso,Erhöht die Dauer des Impuls-Buffs weiter,Aumenta aún más la duración de la mejora de impulso,Ещё больше увеличивает длительность импульсного усиления,进一步提升脉冲增益持续时间,インパルスバフの持続時間をさらに増加,임펄스 버프 지속시간 추가 증가
skill.berserker.imppower_1.desc,(generated),Increase impulse power,Augmente la puissance d'impulsion,Aumenta la potenza dell'impulso,Erhöht die Impulskraft,Aumenta el poder de impulso,Увеличивает силу импульса,提升脉冲威力,インパルスの威力を増加,임펄스 위력 증가
skill.berserker.imppower_1.name,(generated),Impulse Power,Puissance d'impulsion,Potenza d'impulso,Impulskraft,Poder de impulso,Сила импульса,脉冲威力,インパルスパワー,임펄스 파워
skill.berserker.imppower_1.upgrade,(generated),Increase impulse power further,Augmente encore la puissance d'impulsion,Aumenta ulteriormente la potenza dell'impulso,Erhöht die Impulskraft weiter,Aumenta aún más el poder de impulso,Ещё больше увеличивает силу импульса,进一步提升脉冲威力,インパルスの威力をさらに増加,임펄스 위력 추가 증가
skill.berserker.impulse_unlock.desc,(generated),Impulse Goblins: collect their orbs to supercharge the knockback on your axe,Gobelins d'impulsion : récupérez leurs orbes pour surcharger le recul de votre hache,Goblin Impulso: raccogli le loro sfere per potenziare il contraccolpo della tua ascia,"Impuls-Goblins: Sammle ihre Kugeln, um den Rückstoß deiner Axt aufzuladen",Goblins de impulso: recoge sus orbes para sobrecargar el retroceso de tu hacha,"Импульсные гоблины: собирайте их сферы, чтобы усилить отбрасывание вашего топора",脉冲哥布林：收集它们的宝珠，为你的斧头强化击退效果,インパルスゴブリン：オーブを集めて斧のノックバックを超強化,임펄스 고블린: 오브를 모아 도끼의 넉백을 강화하세요
skill.berserker.impulse_unlock.name,(generated),Impulse,Impulsion,Impulso,Impuls,Impulso,Импульс,脉冲,インパルス,임펄스
skill.berserker.knock_1.desc,(generated),Knockback enemies on hit,Repousse les ennemis à chaque coup,Respingi i nemici a ogni colpo,Stößt Gegner bei Treffern zurück,Empuja a los enemigos al golpear,Отбрасывает врагов при попадании,攻击命中时击退敌人,攻撃命中時に敵をノックバック,공격 적중 시 적을 밀쳐냅니다
skill.berserker.knock_1.name,(generated),Brute Force,Force brute,Forza bruta,Rohe Gewalt,Fuerza bruta,Грубая сила,蛮力,剛力,완력
skill.berserker.knock_2.desc,(generated),Increase knockback force,Augmente la force de recul,Aumenta la forza di respinta,Erhöht die Rückstoßkraft,Aumenta la fuerza de retroceso,Увеличивает силу отбрасывания,提升击退力度,ノックバックの威力を増加,넉백 위력 증가
skill.berserker.knock_2.name,(generated),Stronger Blows,Coups renforcés,Colpi più forti,Stärkere Hiebe,Golpes más fuertes,Мощные удары,强力打击,強打,강력한 일격
skill.berserker.knock_2.upgrade,(generated),Increase knockback force further,Augmente encore la force de recul,Aumenta ulteriormente la forza di respinta,Erhöht die Rückstoßkraft weiter,Aumenta aún más la fuerza de retroceso,Ещё больше увеличивает силу отбрасывания,进一步提升击退力度,ノックバックの威力をさらに増加,넉백 위력 추가 증가
skill.berserker.lightbounce.desc,(generated),Increase chain lightning bounces,Augmente le nombre de rebonds des éclairs en chaîne,Aumenta i rimbalzi del fulmine a catena,Erhöht die Sprünge des Kettenblitzes,Aumenta los rebotes del relámpago encadenado,Увеличивает число отскоков цепной молнии,增加连锁闪电的弹射次数,チェインライトニングの跳ね回数を増加,연쇄 번개 튕김 횟수 증가
skill.berserker.lightbounce.name,(generated),Arc Chain,Chaîne d'arcs,Catena d'arco,Lichtbogenkette,Cadena de arcos,Дуговая цепь,电弧连锁,アークチェイン,아크 체인
skill.berserker.lightbounce.upgrade,(generated),Increase chain lightning bounces further,Augmente encore le nombre de rebonds des éclairs en chaîne,Aumenta ulteriormente i rimbalzi del fulmine a catena,Erhöht die Sprünge des Kettenblitzes weiter,Aumenta aún más los rebotes del relámpago encadenado,Ещё больше увеличивает число отскоков цепной молнии,进一步增加连锁闪电的弹射次数,チェインライトニングの跳ね回数をさらに増加,연쇄 번개 튕김 횟수 추가 증가
skill.berserker.lightcrit.desc,(generated),Increase chain lightning crit chance,Augmente les chances de critique des éclairs en chaîne,Aumenta la probabilità di critico del fulmine a catena,Erhöht die kritische Trefferchance des Kettenblitzes,Aumenta la probabilidad de crítico del relámpago encadenado,Увеличивает шанс критического удара цепной молнии,提升连锁闪电的暴击几率,チェインライトニングのクリティカル率を増加,연쇄 번개 치명타 확률 증가
skill.berserker.lightcrit.name,(generated),Static Discharge,Décharge statique,Scarica statica,Statische Entladung,Descarga estática,Статический разряд,静电释放,静電放電,정전기 방출
skill.berserker.lightcrit.upgrade,(generated),Increase chain lightning crit chance further,Augmente encore les chances de critique des éclairs en chaîne,Aumenta ulteriormente la probabilità di critico del fulmine a catena,Erhöht die kritische Trefferchance des Kettenblitzes weiter,Aumenta aún más la probabilidad de crítico del relámpago encadenado,Ещё больше увеличивает шанс критического удара цепной молнии,进一步提升连锁闪电的暴击几率,チェインライトニングのクリティカル率をさらに増加,연쇄 번개 치명타 확률 추가 증가
skill.berserker.lightdmg.desc,(generated),Increase chain lightning damage,Augmente les dégâts des éclairs en chaîne,Aumenta i danni del fulmine a catena,Erhöht den Schaden des Kettenblitzes,Aumenta el daño del relámpago encadenado,Увеличивает урон цепной молнии,提升连锁闪电伤害,チェインライトニングのダメージを増加,연쇄 번개 피해 증가
skill.berserker.lightdmg.name,(generated),Overcharged Bolts,Foudres surchargées,Fulmini sovraccarichi,Überladene Blitze,Rayos sobrecargados,Перегруженные молнии,过载雷电,オーバーチャージボルト,과충전 번개
skill.berserker.lightdmg.upgrade,(generated),Increase chain lightning damage further,Augmente encore les dégâts des éclairs en chaîne,Aumenta ulteriormente i danni del fulmine a catena,Erhöht den Schaden des Kettenblitzes weiter,Aumenta aún más el daño del relámpago encadenado,Ещё больше увеличивает урон цепной молнии,进一步提升连锁闪电伤害,チェインライトニングのダメージをさらに増加,연쇄 번개 피해 추가 증가
skill.berserker.lightdur.desc,(generated),Increase chain lightning buff duration,Augmente la durée du bonus d'éclairs en chaîne,Aumenta la durata del potenziamento del fulmine a catena,Erhöht die Dauer des Kettenblitz-Buffs,Aumenta la duración de la mejora de relámpago encadenado,Увеличивает длительность усиления цепной молнии,提升连锁闪电增益持续时间,チェインライトニングバフの持続時間を増加,연쇄 번개 버프 지속시간 증가
skill.berserker.lightdur.name,(generated),Lingering Charge,Charge persistante,Carica persistente,Anhaltende Ladung,Carga persistente,Стойкий заряд,持久电荷,残留チャージ,지속되는 충전
skill.berserker.lightdur.upgrade,(generated),Increase chain lightning buff duration further,Augmente encore la durée du bonus d'éclairs en chaîne,Aumenta ulteriormente la durata del potenziamento del fulmine a catena,Erhöht die Dauer des Kettenblitz-Buffs weiter,Aumenta aún más la duración de la mejora de relámpago encadenado,Ещё больше увеличивает длительность усиления цепной молнии,进一步提升连锁闪电增益持续时间,チェインライトニングバフの持続時間をさらに増加,연쇄 번개 버프 지속시간 추가 증가
skill.berserker.lightning_unlock.desc,(generated),"Storm Witches drop Lightning Orbs, charging your axe with chain lightning","Les Sorcières des tempêtes lâchent des orbes de foudre, chargeant votre hache d'éclairs en chaîne","Le Streghe della tempesta lasciano cadere Sfere di fulmine, caricando la tua ascia di fulmini a catena","Sturmhexen lassen Blitzkugeln fallen, die deine Axt mit Kettenblitzen aufladen","Las Brujas de la tormenta sueltan orbes de rayo, cargando tu hacha con relámpagos encadenados","Грозовые ведьмы роняют сферы молний, заряжающие ваш топор цепной молнией",风暴女巫会掉落闪电宝珠，为你的斧头注入连锁闪电,ストームウィッチはライトニングオーブを落とし、あなたの斧にチェインライトニングを宿す,폭풍 마녀가 번개 오브를 떨어뜨려 도끼에 연쇄 번개를 부여합니다
skill.berserker.lightning_unlock.name,(generated),Chain Lightning,Éclair en chaîne,Fulmine a catena,Kettenblitz,Relámpago encadenado,Цепная молния,连锁闪电,チェインライトニング,연쇄 번개
skill.berserker.medpack.desc,(generated),Increase Health Pack heal amount,Augmente les soins des kits de soin,Aumenta la cura dei kit medici,Erhöht die Heilung von Heilpaketen,Aumenta la curación de los botiquines,Увеличивает лечение от аптечек,提升治疗包的治疗量,回復パックの回復量を増加,회복 팩 회복량 증가
skill.berserker.medpack.name,(generated),Field Medic,Médecin de campagne,Medico da campo,Feldsanitäter,Médico de campaña,Полевой медик,战地医师,フィールドメディック,야전 의무병
skill.berserker.medpack.upgrade,(generated),Increase Health Pack heal amount further,Augmente encore les soins des kits de soin,Aumenta ulteriormente la cura dei kit medici,Erhöht die Heilung von Heilpaketen weiter,Aumenta aún más la curación de los botiquines,Ещё больше увеличивает лечение от аптечек,进一步提升治疗包的治疗量,回復パックの回復量をさらに増加,회복 팩 회복량 추가 증가
skill.berserker.move_1.desc,(generated),Increase move speed,Augmente la vitesse de déplacement,Aumenta la velocità di movimento,Erhöht das Bewegungstempo,Aumenta la velocidad de movimiento,Увеличивает скорость передвижения,提升移动速度,移動速度を増加,이동 속도 증가
skill.berserker.move_1.name,(generated),Fleet Footed,Pied léger,Piede alato,Flinke Füße,Pies ligeros,Быстроногий,健步如飞,俊足,날랜 발
skill.berserker.move_1.upgrade,(generated),Increase move speed further,Augmente encore la vitesse de déplacement,Aumenta ulteriormente la velocità di movimento,Erhöht das Bewegungstempo weiter,Aumenta aún más la velocidad de movimiento,Ещё больше увеличивает скорость передвижения,进一步提升移动速度,移動速度をさらに増加,이동 속도 추가 증가
skill.berserker.pain_1.desc,(generated),Damage taken while charging any attack is added to that attack's damage,Les dégâts subis pendant la charge d'une attaque s'ajoutent aux dégâts de cette attaque,I danni subiti mentre carichi un attacco si aggiungono ai danni di quell'attacco,Erlittener Schaden beim Aufladen eines Angriffs wird dessen Schaden hinzugefügt,El daño recibido mientras cargas un ataque se suma al daño de ese ataque,"Урон, полученный во время зарядки атаки, добавляется к урону этой атаки",蓄力攻击期间受到的伤害会加到该次攻击的伤害上,攻撃チャージ中に受けたダメージがその攻撃のダメージに加算される,공격을 충전하는 동안 받은 피해가 해당 공격의 피해에 추가됩니다
skill.berserker.pain_1.name,(generated),Pain into Power,La douleur en puissance,Dolore in potere,Schmerz zu Macht,Dolor en poder,Боль в силу,化痛为力,痛みを力に,고통을 힘으로
skill.berserker.pain_1.upgrade,(generated),Convert more damage taken into power,Convertit davantage de dégâts subis en puissance,Converte più danni subiti in potere,Wandelt mehr erlittenen Schaden in Macht um,Convierte más daño recibido en poder,Преобразует больше полученного урона в силу,将更多受到的伤害转化为力量,受けたダメージをより多く力に変換,받은 피해를 더 많이 힘으로 전환
skill.berserker.parry.desc,(generated),Chance to parry melee damage when facing your attacker,Chance de parer les dégâts de mêlée en faisant face à votre attaquant,Probabilità di parare i danni corpo a corpo quando affronti l'attaccante,"Chance, Nahkampfschaden zu parieren, wenn du deinem Angreifer zugewandt bist",Probabilidad de parar el daño cuerpo a cuerpo al encarar a tu atacante,"Шанс парировать урон в ближнем бою, когда вы обращены лицом к атакующему",面朝攻击者时有几率招架近战伤害,攻撃者と正対しているとき近接ダメージをパリィする確率,공격자를 마주 볼 때 근접 피해를 패링할 확률
skill.berserker.parry.name,(generated),Parry,Parade,Parata,Parade,Parada,Парирование,格挡反击,パリィ,패링
skill.berserker.parry.upgrade,(generated),Increase parry chance,Augmente les chances de parade,Aumenta la probabilità di parata,Erhöht die Paradechance,Aumenta la probabilidad de parada,Повышает шанс парирования,提高格挡反击几率,パリィ確率を上昇,패링 확률 증가
skill.berserker.plunder.desc,(generated),Increase gold gained from enemies,Augmente l'or obtenu sur les ennemis,Aumenta l'oro ottenuto dai nemici,Erhöht das von Gegnern erhaltene Gold,Aumenta el oro obtenido de los enemigos,Увеличивает золото с врагов,提高从敌人身上获得的金币,敵から得られるゴールドを増加,적에게서 얻는 골드 증가
skill.berserker.plunder.name,(generated),Plunder,Pillage,Saccheggio,Plünderung,Saqueo,Грабёж,掠夺,略奪,약탈
skill.berserker.plunder.upgrade,(generated),Increase gold gained further,Augmente encore l'or obtenu,Aumenta ulteriormente l'oro ottenuto,Erhöht das erhaltene Gold weiter,Aumenta aún más el oro obtenido,Ещё больше увеличивает получаемое золото,进一步提高获得的金币,得られるゴールドをさらに増加,얻는 골드 추가 증가
skill.berserker.rage_fury.desc,(generated),Build rage faster,Accumule la rage plus vite,Accumula rabbia più velocemente,Baut Wut schneller auf,Acumula furia más rápido,Ярость накапливается быстрее,更快积累怒气,レイジの蓄積が速くなる,분노가 더 빠르게 쌓임
skill.berserker.rage_fury.name,(generated),Boiling Blood,Sang bouillant,Sangue bollente,Kochendes Blut,Sangre hirviente,Кипящая кровь,沸腾之血,滾る血潮,끓는 피
skill.berserker.rage_fury.upgrade,(generated),Build rage even faster,Accumule la rage encore plus vite,Accumula rabbia ancora più velocemente,Baut Wut noch schneller auf,Acumula furia aún más rápido,Ярость накапливается ещё быстрее,更快地积累怒气,レイジの蓄積がさらに速くなる,분노가 더욱 빠르게 쌓임
skill.berserker.rage_retain.desc,(generated),Rage lingers longer before draining,La rage persiste plus longtemps avant de s'épuiser,La rabbia persiste più a lungo prima di esaurirsi,Wut hält länger an bevor sie schwindet,La furia perdura más antes de agotarse,Ярость держится дольше прежде чем иссякнуть,怒气消退前持续更久,レイジが消えるまでの持続時間が延長,분노가 소진되기 전까지 더 오래 지속
skill.berserker.rage_retain.name,(generated),Slow Burn,Combustion lente,Fuoco lento,Langsames Feuer,Fuego lento,Медленное пламя,慢火,スローバーン,서서히 타오르는 불꽃
skill.berserker.rage_retain.upgrade,(generated),Rage lingers even longer,La rage persiste encore plus longtemps,La rabbia persiste ancora più a lungo,Wut hält noch länger an,La furia perdura aún más,Ярость держится ещё дольше,怒气持续更久,レイジがさらに長く持続,분노가 더욱 오래 지속
skill.berserker.range_ext.desc,(generated),Increase axe range,Augmente la portée de la hache,Aumenta la portata dell'ascia,Erhöht die Reichweite der Axt,Aumenta el alcance del hacha,Увеличивает дальность топора,提高斧头攻击范围,アックスのリーチを延長,도끼 사거리 증가
skill.berserker.range_ext.name,(generated),Extended Blade,Lame allongée,Lama estesa,Verlängerte Klinge,Hoja extendida,Удлинённый клинок,加长之刃,エクステンドブレード,연장된 칼날
skill.berserker.range_ext.upgrade,(generated),Extend the blade further,Allonge encore la lame,Estende ulteriormente la lama,Verlängert die Klinge weiter,Extiende aún más la hoja,Ещё больше удлиняет клинок,进一步加长刀刃,ブレードをさらに延長,칼날 추가 연장
skill.berserker.solid.desc,(generated),Periodically block 1 damage source,Bloque périodiquement 1 source de dégâts,Blocca periodicamente 1 fonte di danno,Blockt regelmäßig 1 Schadensquelle,Bloquea periódicamente 1 fuente de daño,Периодически блокирует 1 источник урона,定期格挡1次伤害来源,一定間隔でダメージを1回ブロック,주기적으로 피해 1회 방어
skill.berserker.solid.name,(generated),Solid,Inébranlable,Saldezza,Standhaft,Sólido,Несокрушимость,坚如磐石,堅牢,견고함
skill.berserker.solid.upgrade,(generated),Reduce the block cooldown by 1s,Réduit le temps de recharge du blocage de 1 s,Riduce il tempo di recupero del blocco di 1 s,Reduziert die Abklingzeit des Blocks um 1 s,Reduce el enfriamiento del bloqueo en 1 s,Сокращает перезарядку блока на 1 с,格挡冷却时间减少1秒,ブロックのクールダウンを1秒短縮,방어 재사용 대기시간 1초 감소
skill.berserker.sprint.desc,(generated),Increase sprint speed,Augmente la vitesse de sprint,Aumenta la velocità di scatto,Erhöht die Sprintgeschwindigkeit,Aumenta la velocidad de esprint,Увеличивает скорость спринта,提高冲刺速度,スプリント速度を上昇,전력 질주 속도 증가
skill.berserker.sprint.name,(generated),Sprinter,Sprinteur,Velocista,Sprinter,Velocista,Спринтер,冲刺者,スプリンター,스프린터
skill.berserker.sprint.upgrade,(generated),Increase sprint speed further,Augmente encore la vitesse de sprint,Aumenta ulteriormente la velocità di scatto,Erhöht die Sprintgeschwindigkeit weiter,Aumenta aún más la velocidad de esprint,Ещё больше увеличивает скорость спринта,进一步提高冲刺速度,スプリント速度をさらに上昇,전력 질주 속도 추가 증가
skill.berserker.sword_dmg.desc,(generated),Increase axe damage,Augmente les dégâts de la hache,Aumenta i danni dell'ascia,Erhöht den Schaden der Axt,Aumenta el daño del hacha,Увеличивает урон топора,提高斧头伤害,アックスのダメージを上昇,도끼 피해량 증가
skill.berserker.sword_dmg.name,(generated),Sharpened Edge,Tranchant affûté,Filo affilato,Geschärfte Schneide,Filo afilado,Заточенное лезвие,锋锐之刃,シャープエッジ,벼려진 날
skill.berserker.sword_dmg.upgrade,(generated),Sharpen the blade further,Affûte encore la lame,Affila ulteriormente la lama,Schärft die Klinge weiter,Afila aún más la hoja,Ещё сильнее затачивает клинок,进一步磨砺刀刃,ブレードをさらに研ぎ澄ます,칼날 추가 연마
skill.berserker.vamp.desc,(generated),Heal a percentage of the damage you deal,Soigne un pourcentage des dégâts infligés,Cura una percentuale dei danni inflitti,Heilt einen Prozentsatz des verursachten Schadens,Cura un porcentaje del daño infligido,Восстанавливает процент нанесённого урона,治疗相当于造成伤害一定百分比的生命值,与えたダメージの一部を回復,가한 피해의 일정 비율만큼 회복
skill.berserker.vamp.name,(generated),Vampiric Blade,Lame vampirique,Lama vampirica,Vampirklinge,Hoja vampírica,Вампирский клинок,吸血之刃,ヴァンパイアブレード,흡혈의 칼날
skill.berserker.vamp.upgrade,(generated),Heal more of the damage you deal,Soigne davantage des dégâts infligés,Cura una quota maggiore dei danni inflitti,Heilt mehr des verursachten Schadens,Cura más del daño infligido,Восстанавливает больше нанесённого урона,治疗更多造成的伤害,与えたダメージからの回復量が増加,가한 피해로부터 더 많이 회복
skill.gold.alldmg.desc,(generated),Increase all damage,Augmente tous les dégâts,Aumenta tutti i danni,Erhöht sämtlichen Schaden,Aumenta todo el daño,Увеличивает весь урон,提高所有伤害,全ダメージを上昇,모든 피해량 증가
skill.gold.alldmg.name,(generated),Raw Power,Puissance brute,Potenza pura,Rohe Gewalt,Poder bruto,Грубая сила,原始之力,ロウパワー,순수한 힘
skill.gold.alldmg.upgrade,(generated),Increase all damage further,Augmente encore tous les dégâts,Aumenta ulteriormente tutti i danni,Erhöht sämtlichen Schaden weiter,Aumenta aún más todo el daño,Ещё больше увеличивает весь урон,进一步提高所有伤害,全ダメージをさらに上昇,모든 피해량 추가 증가
skill.gold.ampknock.desc,(generated),Charging your weapon also increases knockback,Charger votre arme augmente aussi le recul,Caricare l'arma aumenta anche la repulsione,Das Aufladen der Waffe erhöht auch den Rückstoß,Cargar tu arma también aumenta el empuje,Зарядка оружия также усиливает отбрасывание,蓄力武器还会提高击退效果,武器のチャージでノックバックも増加,무기 충전 시 넉백도 증가
skill.gold.ampknock.name,(generated),Amplified Knockback,Recul amplifié,Repulsione amplificata,Verstärkter Rückstoß,Empuje amplificado,Усиленное отбрасывание,强化击退,アンプリファイドノックバック,증폭된 넉백
skill.gold.ampknock.upgrade,(generated),Increase charge knockback further,Augmente encore le recul de charge,Aumenta ulteriormente la repulsione da carica,Erhöht den Aufladungs-Rückstoß weiter,Aumenta aún más el empuje de carga,Ещё больше усиливает отбрасывание при зарядке,进一步提高蓄力击退,チャージノックバックをさらに増加,충전 넉백 추가 증가
skill.gold.bounce.desc,(generated),Chance for arrows to bounce to additional enemies,Chance que les flèches ricochent sur d'autres ennemis,Probabilità che le frecce rimbalzino su altri nemici,Chance dass Pfeile auf weitere Gegner abprallen,Probabilidad de que las flechas reboten hacia enemigos adicionales,Шанс что стрелы отскочат к другим врагам,箭矢有几率弹射至其他敌人,矢が追加の敵に跳ね返る確率,화살이 추가 적에게 튕길 확률
skill.gold.bounce.name,(generated),Bounce Shot,Tir ricochet,Tiro a rimbalzo,Abprallschuss,Disparo de rebote,Рикошет,弹射之箭,バウンスショット,도탄 사격
skill.gold.bounce.upgrade,(generated),Increase bounce chance,Augmente les chances de ricochet,Aumenta la probabilità di rimbalzo,Erhöht die Abprallchance,Aumenta la probabilidad de rebote,Повышает шанс рикошета,提高弹射几率,バウンス確率を上昇,도탄 확률 증가
skill.gold.bow_dmg.desc,(generated),Increase bow damage,Augmente les dégâts de l'arc,Aumenta i danni dell'arco,Erhöht den Schaden des Bogens,Aumenta el daño del arco,Увеличивает урон лука,提高弓箭伤害,ボウのダメージを上昇,활 피해량 증가
skill.gold.bow_dmg.name,(generated),Stronger String,Corde renforcée,Corda rinforzata,Stärkere Sehne,Cuerda reforzada,Крепкая тетива,强韧弓弦,ストロングストリング,강화된 시위
skill.gold.bow_dmg.upgrade,(generated),Increase bow damage further,Augmente encore les dégâts de l'arc,Aumenta ulteriormente i danni dell'arco,Erhöht den Schaden des Bogens weiter,Aumenta aún más el daño del arco,Ещё больше увеличивает урон лука,进一步提高弓箭伤害,ボウのダメージをさらに上昇,활 피해량 추가 증가
skill.gold.bow_unlock.desc,(generated),Unlock the bow: hold aim to draw and fire arrows,Débloque l'arc : maintenez la visée pour bander et tirer des flèches,Sblocca l'arco: tieni premuta la mira per tendere e scoccare frecce,Schaltet den Bogen frei: Zielen gedrückt halten um Pfeile zu spannen und abzufeuern,Desbloquea el arco: mantén apuntar para tensar y disparar flechas,Открывает лук: удерживайте прицел чтобы натянуть и выпустить стрелу,解锁弓箭：按住瞄准以拉弓射箭,ボウを解放：エイム長押しで弓を引き矢を放つ,활 잠금 해제: 조준을 유지해 시위를 당겨 화살 발사
skill.gold.bow_unlock.name,(generated),Bow,Arc,Arco,Bogen,Arco,Лук,弓,ボウ,활
skill.gold.brainfreeze.desc,(generated),Headshots slow enemy movement and attacks,Les tirs à la tête ralentissent les déplacements et attaques ennemis,I colpi alla testa rallentano movimenti e attacchi nemici,Kopftreffer verlangsamen Bewegung und Angriffe der Gegner,Los disparos a la cabeza ralentizan el movimiento y los ataques enemigos,Выстрелы в голову замедляют движение и атаки врагов,爆头可减缓敌人的移动和攻击,ヘッドショットが敵の移動と攻撃を遅くする,헤드샷이 적의 이동과 공격을 둔화
skill.gold.brainfreeze.name,(generated),Brain Freeze,Gel cérébral,Cervello congelato,Hirnfrost,Cerebro congelado,Заморозка мозга,大脑冻结,ブレインフリーズ,브레인 프리즈
skill.gold.brainfreeze.upgrade,(generated),Increase the headshot slow,Renforce le ralentissement des tirs à la tête,Aumenta il rallentamento dei colpi alla testa,Verstärkt die Verlangsamung durch Kopftreffer,Aumenta la ralentización por disparo a la cabeza,Усиливает замедление от выстрелов в голову,提高爆头减速效果,ヘッドショットの鈍化効果を強化,헤드샷 둔화 효과 증가
skill.gold.butter.desc,(generated),Sword cuts through more enemies,L'épée transperce davantage d'ennemis,La spada trapassa più nemici,Das Schwert durchschneidet mehr Gegner,La espada atraviesa más enemigos,Меч рассекает больше врагов,剑可以斩穿更多敌人,ソードがより多くの敵を切り裂く,검이 더 많은 적을 베어냄
skill.gold.butter.name,(generated),Like Butter,Comme du beurre,Come burro,Wie Butter,Como mantequilla,Как по маслу,如切黄油,バターのように,버터처럼
skill.gold.butter.upgrade,(generated),Cut through one more enemy,Transperce un ennemi de plus,Trapassa un nemico in più,Durchschneidet einen weiteren Gegner,Atraviesa un enemigo más,Рассекает ещё одного врага,多斩穿一名敌人,さらに1体多く切り裂く,적 1명 추가 관통
skill.gold.charge_unlock.desc,(generated),Increase sword damage for every second held,Augmente les dégâts de l'épée pour chaque seconde de maintien,Aumenta i danni della spada per ogni secondo di carica,Erhöht den Schwertschaden für jede gehaltene Sekunde,Aumenta el daño de la espada por cada segundo mantenido,Увеличивает урон меча за каждую секунду удержания,每蓄力一秒提高剑的伤害,長押し1秒ごとにソードのダメージが上昇,유지한 1초마다 검 피해량 증가
skill.gold.charge_unlock.name,(generated),Heavy Strike,Frappe lourde,Colpo pesante,Schwerer Schlag,Golpe pesado,Тяжёлый удар,重击,ヘビーストライク,강타
skill.gold.charge_unlock.upgrade,(generated),+1 max charge level,+1 niveau de charge max,+1 livello di carica max,+1 maximale Aufladestufe,+1 nivel de carga máx.,+1 к макс. уровню заряда,最大蓄力等级+1,最大チャージレベル+1,최대 충전 단계 +1
skill.gold.conduit.desc,(generated),Reduce lightning damage to yourself and chance to chain lightning every hit,"Réduit les dégâts de foudre subis et donne une chance de foudre en chaîne à chaque coup","Riduce i danni da fulmine subiti e dà una probabilità di fulmine a catena a ogni colpo","Reduziert erlittenen Blitzschaden und gewährt bei jedem Treffer eine Chance auf Kettenblitz","Reduce el daño de rayo recibido y otorga probabilidad de rayo en cadena en cada golpe","Снижает получаемый урон от молний и даёт шанс цепной молнии при каждом ударе",降低自身受到的闪电伤害，每次命中有几率触发连锁闪电,自身への雷ダメージを軽減し、攻撃ごとにチェインライトニングの発動確率を得る,"자신이 받는 번개 피해 감소, 매 타격 시 연쇄 번개 확률 부여"
skill.gold.conduit.name,(generated),Conduit,Conducteur,Conduttore,Leiter,Conductor,Проводник,导体,コンジット,전도체
skill.gold.conduit.upgrade,(generated),Improve lightning resistance and chain chance,Améliore la résistance à la foudre et les chances de chaîne,Migliora la resistenza al fulmine e la probabilità di catena,Verbessert Blitzresistenz und Kettenchance,Mejora la resistencia al rayo y la probabilidad de cadena,Повышает сопротивление молниям и шанс цепи,提高闪电抗性和连锁几率,雷耐性とチェイン確率を強化,번개 저항과 연쇄 확률 향상
skill.gold.counter.desc,(generated),Increase parry damage,Augmente les dégâts de parade,Aumenta i danni della parata,Erhöht den Paradeschaden,Aumenta el daño de parada,Увеличивает урон парирования,提高格挡反击伤害,パリィダメージを上昇,패링 피해량 증가
skill.gold.counter.name,(generated),Counterstrike,Contre-attaque,Contrattacco,Konterschlag,Contraataque,Контрудар,反击,カウンターストライク,반격
skill.gold.counter.upgrade,(generated),Increase parry damage further,Augmente encore les dégâts de parade,Aumenta ulteriormente i danni della parata,Erhöht den Paradeschaden weiter,Aumenta aún más el daño de parada,Ещё больше увеличивает урон парирования,进一步提高格挡反击伤害,パリィダメージをさらに上昇,패링 피해량 추가 증가
skill.gold.crit_1.desc,(generated),Increase critical strike chance,Augmente les chances de coup critique,Aumenta la probabilità di colpo critico,Erhöht die kritische Trefferchance,Aumenta la probabilidad de golpe crítico,Повышает шанс критического удара,提高暴击几率,クリティカル発生率を上昇,치명타 확률 증가
skill.gold.crit_1.name,(generated),Keen Eye,Œil perçant,Occhio acuto,Scharfes Auge,Ojo agudo,Зоркий глаз,锐利之眼,キーンアイ,예리한 눈
skill.gold.critdmg.desc,(generated),Increase critical strike damage,Augmente les dégâts des coups critiques,Aumenta i danni dei colpi critici,Erhöht den kritischen Trefferschaden,Aumenta el daño de golpe crítico,Увеличивает урон критических ударов,提高暴击伤害,クリティカルダメージを上昇,치명타 피해량 증가
skill.gold.critdmg.name,(generated),Critical Damage,Dégâts critiques,Danno critico,Kritischer Schaden,Daño crítico,Критический урон,暴击伤害,クリティカルダメージ,치명타 피해
skill.gold.critdmg.upgrade,(generated),Increase critical strike damage further,Augmente encore les dégâts des coups critiques,Aumenta ulteriormente i danni dei colpi critici,Erhöht den kritischen Trefferschaden weiter,Aumenta aún más el daño de golpe crítico,Ещё больше увеличивает урон критических ударов,进一步提高暴击伤害,クリティカルダメージをさらに上昇,치명타 피해량 추가 증가
skill.gold.elongfreeze.desc,(generated),Enemies slowed by Freezing Draw or Brain Freeze stay slowed longer,Les ennemis ralentis par Tension glaciale ou Gel cérébral restent ralentis plus longtemps,I nemici rallentati da Tiro gelido o Gelo cerebrale restano rallentati più a lungo,Durch Frostzug oder Hirnfrost verlangsamte Gegner bleiben länger verlangsamt,Los enemigos ralentizados por Tensado gélido o Congelación cerebral permanecen ralentizados más tiempo,"Враги, замедленные Ледяной тетивой или Заморозкой мозга, дольше остаются замедленными",被冰冻拉弓或脑部冻结减速的敌人减速时间更长,フリージングドローやブレインフリーズで減速した敵の減速時間が長くなる,프리징 드로우 또는 브레인 프리즈로 느려진 적이 더 오래 느려집니다
skill.gold.elongfreeze.name,(generated),Elongated Freeze,Gel prolongé,Gelo prolungato,Verlängerter Frost,Congelación prolongada,Продлённая заморозка,延长冰冻,ロングフリーズ,연장된 빙결
skill.gold.elongfreeze.upgrade,(generated),Slowed enemies stay slowed even longer,Les ennemis ralentis le restent encore plus longtemps,I nemici rallentati restano rallentati ancora più a lungo,Verlangsamte Gegner bleiben noch länger verlangsamt,Los enemigos ralentizados permanecen ralentizados aún más tiempo,Замедленные враги остаются замедленными ещё дольше,被减速的敌人减速时间进一步延长,減速した敵の減速時間がさらに長くなる,느려진 적이 더욱 오래 느려집니다
skill.gold.explodeheads.desc,(generated),Headshots detonate an impulse blast,Les tirs à la tête déclenchent une explosion d'impulsion,I colpi alla testa innescano un'esplosione d'impulso,Kopftreffer lösen eine Impulsexplosion aus,Los disparos a la cabeza detonan una explosión de impulso,Выстрелы в голову вызывают импульсный взрыв,爆头引发冲击爆炸,ヘッドショットがインパルス爆発を引き起こす,헤드샷이 임펄스 폭발을 일으킵니다
skill.gold.explodeheads.name,(generated),Exploding Heads,Têtes explosives,Teste esplosive,Explodierende Köpfe,Cabezas explosivas,Взрывные головы,爆裂头颅,頭部爆発,폭발하는 머리
skill.gold.explodeheads.upgrade,(generated),Increase headshot impulse blast damage,Augmente les dégâts de l'explosion d'impulsion des tirs à la tête,Aumenta i danni dell'esplosione d'impulso dei colpi alla testa,Erhöht den Schaden der Impulsexplosion bei Kopftreffern,Aumenta el daño de la explosión de impulso de los disparos a la cabeza,Увеличивает урон импульсного взрыва при выстрелах в голову,提高爆头冲击爆炸的伤害,ヘッドショットのインパルス爆発ダメージを増加,헤드샷 임펄스 폭발 피해 증가
skill.gold.flamearrow.desc,(generated),Arrows deal fire damage and have a chance to instantly explode Bombers,Les flèches infligent des dégâts de feu et ont une chance de faire exploser instantanément les Bombardiers,Le frecce infliggono danni da fuoco e hanno una probabilità di far esplodere istantaneamente i Bombaroli,Pfeile verursachen Feuerschaden und können Bomber sofort explodieren lassen,Las flechas infligen daño de fuego y tienen probabilidad de hacer explotar al instante a los Bombarderos,Стрелы наносят урон огнём и с шансом мгновенно взрывают Бомбардиров,箭矢造成火焰伤害，并有几率立即引爆炸弹兵,矢が炎ダメージを与え、確率でボマーを即座に爆発させる,화살이 화염 피해를 입히고 확률적으로 봄버를 즉시 폭발시킵니다
skill.gold.flamearrow.name,(generated),Flaming Arrows,Flèches enflammées,Frecce infuocate,Brennende Pfeile,Flechas llameantes,Пылающие стрелы,烈焰箭,フレイムアロー,화염 화살
skill.gold.flamearrow.upgrade,(generated),Increase the chance to explode Bombers,Augmente la chance de faire exploser les Bombardiers,Aumenta la probabilità di far esplodere i Bombaroli,"Erhöht die Chance, Bomber explodieren zu lassen",Aumenta la probabilidad de hacer explotar a los Bombarderos,Увеличивает шанс взорвать Бомбардиров,提高引爆炸弹兵的几率,ボマーを爆発させる確率を増加,봄버 폭발 확률 증가
skill.gold.freezedraw.desc,(generated),Nearby enemies are slowed while you draw your bow,Les ennemis proches sont ralentis pendant que vous bandez votre arc,I nemici vicini vengono rallentati mentre tendi l'arco,"Nahe Gegner werden verlangsamt, während du deinen Bogen spannst",Los enemigos cercanos se ralentizan mientras tensas el arco,"Ближайшие враги замедляются, пока вы натягиваете лук",拉弓时附近的敌人会被减速,弓を引いている間、周囲の敵が減速する,활을 당기는 동안 주변의 적이 느려집니다
skill.gold.freezedraw.name,(generated),Freezing Draw,Tension glaciale,Tiro gelido,Frostzug,Tensado gélido,Ледяная тетива,冰冻拉弓,フリージングドロー,프리징 드로우
skill.gold.freezedraw.upgrade,(generated),Increase the slow while drawing,Renforce le ralentissement pendant que vous bandez l'arc,Aumenta il rallentamento mentre tendi l'arco,Verstärkt die Verlangsamung beim Spannen,Aumenta la ralentización al tensar el arco,Усиливает замедление при натяжении лука,提高拉弓时的减速效果,弓を引いている間の減速効果を強化,활 당기는 동안의 감속 효과 증가
skill.gold.horse_archery.desc,(generated),Use your bow while mounted,Utilisez votre arc à cheval,Usa l'arco mentre sei in sella,Nutze deinen Bogen im Sattel,Usa tu arco mientras cabalgas,Стреляйте из лука верхом,骑乘时可使用弓,騎乗中に弓を使用できる,기마 중에 활을 사용할 수 있습니다
skill.gold.horse_archery.name,(generated),Horse Archer,Archer à cheval,Arciere a cavallo,Berittener Bogenschütze,Arquero a caballo,Конный лучник,骑射手,ホースアーチャー,기마 궁수
skill.gold.horse_heal.desc,(generated),Health Packs your horse runs over also heal the horse,Les kits de soin que votre cheval piétine soignent aussi le cheval,I kit medici calpestati dal tuo cavallo curano anche il cavallo,"Heilpakete, die dein Pferd überläuft, heilen auch das Pferd",Los botiquines que pisa tu caballo también curan al caballo,"Аптечки, по которым пробегает ваша лошадь, лечат и её",马匹踏过的治疗包也会治疗马匹,馬が踏んだヘルスパックは馬も回復させる,말이 밟은 체력 팩이 말도 회복시킵니다
skill.gold.horse_heal.name,(generated),Stable Diet,Régime d'écurie,Dieta da stalla,Stallkost,Dieta de establo,Конюшенный рацион,马厩食谱,厩舎の食事,마구간 식단
skill.gold.horse_health.desc,(generated),Increase your horse's max health,Augmente la santé maximale de votre cheval,Aumenta la salute massima del tuo cavallo,Erhöht die maximale Gesundheit deines Pferdes,Aumenta la salud máxima de tu caballo,Увеличивает максимальное здоровье лошади,提高马匹的最大生命值,馬の最大体力を増加,말의 최대 체력 증가
skill.gold.horse_health.name,(generated),Barded Steed,Destrier caparaçonné,Destriero bardato,Gepanzertes Ross,Corcel acorazado,Бронированный скакун,披甲战马,馬鎧の駿馬,갑주 군마
skill.gold.horse_health.upgrade,(generated),Increase your horse's max health further,Augmente encore la santé maximale de votre cheval,Aumenta ulteriormente la salute massima del tuo cavallo,Erhöht die maximale Gesundheit deines Pferdes weiter,Aumenta aún más la salud máxima de tu caballo,Ещё больше увеличивает максимальное здоровье лошади,进一步提高马匹的最大生命值,馬の最大体力をさらに増加,말의 최대 체력 추가 증가
skill.gold.horse_speed.desc,(generated),Increase your horse's speed,Augmente la vitesse de votre cheval,Aumenta la velocità del tuo cavallo,Erhöht die Geschwindigkeit deines Pferdes,Aumenta la velocidad de tu caballo,Увеличивает скорость лошади,提高马匹的速度,馬の速度を増加,말의 속도 증가
skill.gold.horse_speed.name,(generated),Thoroughbred,Pur-sang,Purosangue,Vollblut,Purasangre,Чистокровный,纯血宝马,サラブレッド,서러브레드
skill.gold.horse_speed.upgrade,(generated),Increase your horse's speed further,Augmente encore la vitesse de votre cheval,Aumenta ulteriormente la velocità del tuo cavallo,Erhöht die Geschwindigkeit deines Pferdes weiter,Aumenta aún más la velocidad de tu caballo,Ещё больше увеличивает скорость лошади,进一步提高马匹的速度,馬の速度をさらに増加,말의 속도 추가 증가
skill.gold.horse_unlock.desc,(generated),Unlock horse riding: jump onto a riderless horse to mount and press X to dismount,Débloque l'équitation : sautez sur un cheval sans cavalier pour le monter et appuyez sur X pour descendre,Sblocca l'equitazione: salta su un cavallo senza cavaliere per montarlo e premi X per smontare,"Schaltet das Reiten frei: Springe auf ein reiterloses Pferd, um aufzusitzen, und drücke X zum Absitzen",Desbloquea la equitación: salta sobre un caballo sin jinete para montarlo y pulsa X para desmontar,"Открывает верховую езду: запрыгните на лошадь без всадника, чтобы сесть верхом, и нажмите X, чтобы спешиться",解锁骑马：跳上无主的马即可骑乘，按X下马,騎乗を解放：騎手のいない馬に飛び乗って騎乗し、Xキーで降りる,말 타기 해금: 기수 없는 말에 올라타서 탑승하고 X 키로 내립니다
skill.gold.horse_unlock.name,(generated),Saddle Up,En selle,In sella,Aufgesattelt,A caballo,В седло,上马,サドルアップ,안장 위로
skill.gold.hp_1.desc,(generated),Increase max health,Augmente la santé maximale,Aumenta la salute massima,Erhöht die maximale Gesundheit,Aumenta la salud máxima,Увеличивает максимальное здоровье,提高最大生命值,最大体力を増加,최대 체력 증가
skill.gold.hp_1.name,(generated),Vitality,Vitalité,Vitalità,Vitalität,Vitalidad,Живучесть,活力,バイタリティ,활력
skill.gold.hp_1.upgrade,(generated),Increase max health further,Augmente encore la santé maximale,Aumenta ulteriormente la salute massima,Erhöht die maximale Gesundheit weiter,Aumenta aún más la salud máxima,Ещё больше увеличивает максимальное здоровье,进一步提高最大生命值,最大体力をさらに増加,최대 체력 추가 증가
skill.gold.hp_2.desc,(generated),Greatly increase max health,Augmente considérablement la santé maximale,Aumenta notevolmente la salute massima,Erhöht die maximale Gesundheit erheblich,Aumenta enormemente la salud máxima,Значительно увеличивает максимальное здоровье,大幅提高最大生命值,最大体力を大幅に増加,최대 체력 대폭 증가
skill.gold.hp_2.name,(generated),Vigor,Vigueur,Vigore,Lebenskraft,Vigor,Бодрость,精力,ヴィガー,원기
skill.gold.hp_2.upgrade,(generated),Greatly increase max health further,Augmente encore considérablement la santé maximale,Aumenta ancora notevolmente la salute massima,Erhöht die maximale Gesundheit erheblich weiter,Aumenta enormemente la salud máxima aún más,Ещё значительнее увеличивает максимальное здоровье,进一步大幅提高最大生命值,最大体力をさらに大幅に増加,최대 체력 대폭 추가 증가
skill.gold.icebreaker.desc,(generated),Your sword deals more damage to chilled enemies,Votre épée inflige plus de dégâts aux ennemis glacés,La tua spada infligge più danni ai nemici raffreddati,Dein Schwert verursacht mehr Schaden an unterkühlten Gegnern,Tu espada inflige más daño a los enemigos helados,Ваш меч наносит больше урона охлаждённым врагам,你的剑对受冰缓的敌人造成更多伤害,冷気状態の敵に剣のダメージが増加,냉기에 걸린 적에게 검 피해 증가
skill.gold.icebreaker.name,(generated),Ice Breaker,Brise-glace,Rompighiaccio,Eisbrecher,Rompehielos,Ледокол,破冰者,アイスブレイカー,아이스 브레이커
skill.gold.icebreaker.upgrade,(generated),Deal even more damage to chilled enemies,Inflige encore plus de dégâts aux ennemis glacés,Infliggi ancora più danni ai nemici raffreddati,Verursache noch mehr Schaden an unterkühlten Gegnern,Inflige aún más daño a los enemigos helados,Наносит ещё больше урона охлаждённым врагам,进一步提高对受冰缓敌人的伤害,冷気状態の敵へのダメージをさらに増加,냉기에 걸린 적에게 피해 추가 증가
skill.gold.imparrow_1.desc,(generated),Arrows are affected by your Impulse Orb buff: hits fling enemies skyward,Les flèches profitent de votre bonus d'Orbe d'impulsion : les coups projettent les ennemis dans les airs,Le frecce beneficiano del potenziamento Sfera d'impulso: i colpi scagliano i nemici in aria,Pfeile profitieren von deinem Impulskugel-Buff: Treffer schleudern Gegner in die Luft,Las flechas se benefician de tu mejora de Orbe de impulso: los impactos lanzan a los enemigos por los aires,На стрелы действует бафф Сферы импульса: попадания подбрасывают врагов в небо,箭矢受到冲击宝珠增益的影响：命中会将敌人击飞上天,矢にインパルスオーブのバフが適用：ヒットで敵を空高く吹き飛ばす,화살에 임펄스 오브 버프가 적용됩니다: 적중 시 적을 하늘로 날려버립니다
skill.gold.imparrow_1.name,(generated),Impulse Arrow,Flèche d'impulsion,Freccia d'impulso,Impulspfeil,Flecha de impulso,Импульсная стрела,冲击箭,インパルスアロー,임펄스 화살
skill.gold.impchance.desc,(generated),Increase Impulse Goblin spawn chance,Augmente la chance d'apparition des Gobelins d'impulsion,Aumenta la probabilità di comparsa dei Goblin d'impulso,Erhöht die Erscheinungschance von Impulsgoblins,Aumenta la probabilidad de aparición de los Goblins de impulso,Увеличивает шанс появления импульсных гоблинов,提高冲击哥布林的出现几率,インパルスゴブリンの出現率を増加,임펄스 고블린 등장 확률 증가
skill.gold.impchance.name,(generated),Impulse Scent,Flair d'impulsion,Fiuto d'impulso,Impulswitterung,Rastro de impulso,Запах импульса,冲击气息,インパルスの気配,임펄스의 기척
skill.gold.impchance.upgrade,(generated),Increase Impulse Goblin spawn chance further,Augmente encore la chance d'apparition des Gobelins d'impulsion,Aumenta ulteriormente la probabilità di comparsa dei Goblin d'impulso,Erhöht die Erscheinungschance von Impulsgoblins weiter,Aumenta aún más la probabilidad de aparición de los Goblins de impulso,Ещё больше увеличивает шанс появления импульсных гоблинов,进一步提高冲击哥布林的出现几率,インパルスゴブリンの出現率をさらに増加,임펄스 고블린 등장 확률 추가 증가
skill.gold.impdur.desc,(generated),Increase impulse buff duration,Augmente la durée du bonus d'impulsion,Aumenta la durata del potenziamento d'impulso,Erhöht die Dauer des Impuls-Buffs,Aumenta la duración de la mejora de impulso,Увеличивает длительность импульсного баффа,提高冲击增益的持续时间,インパルスバフの持続時間を増加,임펄스 버프 지속시간 증가
skill.gold.impdur.name,(generated),Lingering Impulse,Impulsion persistante,Impulso persistente,Anhaltender Impuls,Impulso persistente,Затяжной импульс,持久冲击,残留インパルス,지속되는 임펄스
skill.gold.impdur.upgrade,(generated),Increase impulse buff duration further,Augmente encore la durée du bonus d'impulsion,Aumenta ulteriormente la durata del potenziamento d'impulso,Erhöht die Dauer des Impuls-Buffs weiter,Aumenta aún más la duración de la mejora de impulso,Ещё больше увеличивает длительность импульсного баффа,进一步提高冲击增益的持续时间,インパルスバフの持続時間をさらに増加,임펄스 버프 지속시간 추가 증가
skill.gold.imppower_1.desc,(generated),Increase impulse power,Augmente la puissance d'impulsion,Aumenta la potenza d'impulso,Erhöht die Impulskraft,Aumenta el poder de impulso,Увеличивает силу импульса,提高冲击威力,インパルスの威力を増加,임펄스 위력 증가
skill.gold.imppower_1.name,(generated),Impulse Power,Puissance d'impulsion,Potenza d'impulso,Impulskraft,Poder de impulso,Сила импульса,冲击威力,インパルスパワー,임펄스 파워
skill.gold.imppower_1.upgrade,(generated),Increase impulse power further,Augmente encore la puissance d'impulsion,Aumenta ulteriormente la potenza d'impulso,Erhöht die Impulskraft weiter,Aumenta aún más el poder de impulso,Ещё больше увеличивает силу импульса,进一步提高冲击威力,インパルスの威力をさらに増加,임펄스 위력 추가 증가
skill.gold.impulse_unlock.desc,(generated),Impulse Goblins: collect their orbs to supercharge the knockback on your sword,Gobelins d'impulsion : ramassez leurs orbes pour surcharger le recul de votre épée,Goblin d'impulso: raccogli le loro sfere per potenziare al massimo il contraccolpo della tua spada,"Impulsgoblins: Sammle ihre Kugeln, um den Rückstoß deines Schwerts aufzuladen",Goblins de impulso: recoge sus orbes para sobrecargar el empuje de tu espada,"Импульсные гоблины: собирайте их сферы, чтобы усилить отбрасывание вашего меча",冲击哥布林：收集它们的宝珠，为你的剑注入超强击退,インパルスゴブリン：オーブを集めて剣のノックバックを超強化,임펄스 고블린: 오브를 모아 검의 넉백을 강화하세요
skill.gold.impulse_unlock.name,(generated),Impulse,Impulsion,Impulso,Impuls,Impulso,Импульс,冲击,インパルス,임펄스
skill.gold.knock_1.desc,(generated),Knockback enemies on hit,Repousse les ennemis à chaque coup,Respingi i nemici quando li colpisci,Stößt Gegner bei Treffern zurück,Empuja a los enemigos al golpear,Отбрасывает врагов при ударе,命中时击退敌人,ヒット時に敵をノックバック,적중 시 적을 넉백시킵니다
skill.gold.knock_1.name,(generated),Brute Force,Force brute,Forza bruta,Rohe Gewalt,Fuerza bruta,Грубая сила,蛮力,ブルートフォース,완력
skill.gold.knock_2.desc,(generated),Increase knockback force,Augmente la force de recul,Aumenta la forza di respinta,Erhöht die Rückstoßkraft,Aumenta la fuerza de empuje,Увеличивает силу отбрасывания,提高击退力度,ノックバックの威力を増加,넉백 위력 증가
skill.gold.knock_2.name,(generated),Stronger Blows,Coups renforcés,Colpi più potenti,Stärkere Schläge,Golpes más fuertes,Мощные удары,更强打击,強打,강력한 타격
skill.gold.knock_2.upgrade,(generated),Increase knockback force further,Augmente encore la force de recul,Aumenta ulteriormente la forza di respinta,Erhöht die Rückstoßkraft weiter,Aumenta aún más la fuerza de empuje,Ещё больше увеличивает силу отбрасывания,进一步提高击退力度,ノックバックの威力をさらに増加,넉백 위력 추가 증가
skill.gold.lightbounce.desc,(generated),Increase chain lightning bounces,Augmente le nombre de rebonds des éclairs en chaîne,Aumenta i rimbalzi del fulmine a catena,Erhöht die Sprünge des Kettenblitzes,Aumenta los rebotes del relámpago encadenado,Увеличивает число отскоков цепной молнии,提高连锁闪电的弹射次数,チェインライトニングの連鎖回数を増加,체인 라이트닝 튕김 횟수 증가
skill.gold.lightbounce.name,(generated),Arc Chain,Chaîne d'arcs,Catena d'arco,Lichtbogenkette,Cadena de arco,Дуговая цепь,电弧链,アークチェイン,아크 체인
skill.gold.lightbounce.upgrade,(generated),Increase chain lightning bounces further,Augmente encore le nombre de rebonds des éclairs en chaîne,Aumenta ulteriormente i rimbalzi del fulmine a catena,Erhöht die Sprünge des Kettenblitzes weiter,Aumenta aún más los rebotes del relámpago encadenado,Ещё больше увеличивает число отскоков цепной молнии,进一步提高连锁闪电的弹射次数,チェインライトニングの連鎖回数をさらに増加,체인 라이트닝 튕김 횟수 추가 증가
skill.gold.lightcrit.desc,(generated),Increase chain lightning crit chance,Augmente la chance de critique des éclairs en chaîne,Aumenta la probabilità di critico del fulmine a catena,Erhöht die kritische Trefferchance des Kettenblitzes,Aumenta la probabilidad de crítico del relámpago encadenado,Увеличивает шанс критического удара цепной молнии,提高连锁闪电的暴击几率,チェインライトニングのクリティカル率を増加,체인 라이트닝 치명타 확률 증가
skill.gold.lightcrit.name,(generated),Static Discharge,Décharge statique,Scarica statica,Statische Entladung,Descarga estática,Статический разряд,静电释放,静電放電,정전기 방출
skill.gold.lightcrit.upgrade,(generated),Increase chain lightning crit chance further,Augmente encore la chance de critique des éclairs en chaîne,Aumenta ulteriormente la probabilità di critico del fulmine a catena,Erhöht die kritische Trefferchance des Kettenblitzes weiter,Aumenta aún más la probabilidad de crítico del relámpago encadenado,Ещё больше увеличивает шанс критического удара цепной молнии,进一步提高连锁闪电的暴击几率,チェインライトニングのクリティカル率をさらに増加,체인 라이트닝 치명타 확률 추가 증가
skill.gold.lightdmg.desc,(generated),Increase chain lightning damage,Augmente les dégâts des éclairs en chaîne,Aumenta i danni del fulmine a catena,Erhöht den Schaden des Kettenblitzes,Aumenta el daño del relámpago encadenado,Увеличивает урон цепной молнии,提高连锁闪电的伤害,チェインライトニングのダメージを増加,체인 라이트닝 피해 증가
skill.gold.lightdmg.name,(generated),Overcharged Bolts,Éclairs surchargés,Fulmini sovraccarichi,Überladene Blitze,Rayos sobrecargados,Перегруженные разряды,过载闪电,オーバーチャージボルト,과충전 볼트
skill.gold.lightdmg.upgrade,(generated),Increase chain lightning damage further,Augmente encore les dégâts des éclairs en chaîne,Aumenta ulteriormente i danni del fulmine a catena,Erhöht den Schaden des Kettenblitzes weiter,Aumenta aún más el daño del relámpago encadenado,Ещё больше увеличивает урон цепной молнии,进一步提高连锁闪电的伤害,チェインライトニングのダメージをさらに増加,체인 라이트닝 피해 추가 증가
skill.gold.lightdur.desc,(generated),Increase chain lightning buff duration,Augmente la durée du bonus d'éclair en chaîne,Aumenta la durata del potenziamento Fulmine a catena,Erhöht die Dauer des Kettenblitz-Buffs,Aumenta la duración de la mejora de relámpago en cadena,Увеличивает длительность баффа цепной молнии,延长连锁闪电增益的持续时间,チェインライトニングのバフ持続時間を延長,연쇄 번개 버프 지속 시간 증가
skill.gold.lightdur.name,(generated),Lingering Charge,Charge persistante,Carica persistente,Anhaltende Ladung,Carga persistente,Затяжной заряд,残留电荷,リンガリングチャージ,잔류 전하
skill.gold.lightdur.upgrade,(generated),Increase chain lightning buff duration further,Augmente encore la durée du bonus d'éclair en chaîne,Aumenta ulteriormente la durata del potenziamento Fulmine a catena,Erhöht die Dauer des Kettenblitz-Buffs weiter,Aumenta aún más la duración de la mejora de relámpago en cadena,Ещё больше увеличивает длительность баффа цепной молнии,进一步延长连锁闪电增益的持续时间,チェインライトニングのバフ持続時間をさらに延長,연쇄 번개 버프 지속 시간 추가 증가
skill.gold.lightning_unlock.desc,(generated),"Storm Witches drop Lightning Orbs, charging your sword with chain lightning","Les Sorcières des tempêtes lâchent des orbes de foudre, chargeant votre épée d'éclairs en chaîne","Le Streghe della tempesta rilasciano Sfere di fulmine, caricando la tua spada di fulmini a catena","Sturmhexen lassen Blitzkugeln fallen, die dein Schwert mit Kettenblitzen aufladen","Las Brujas de la tormenta sueltan orbes de rayo, cargando tu espada con relámpagos en cadena","Грозовые ведьмы роняют сферы молний, заряжающие ваш меч цепной молнией",风暴女巫会掉落闪电宝珠，为你的剑注入连锁闪电,ストームウィッチがライトニングオーブを落とし、剣にチェインライトニングを付与する,폭풍 마녀가 번개 구슬을 떨어뜨려 검에 연쇄 번개를 부여합니다
skill.gold.lightning_unlock.name,(generated),Chain Lightning,Éclair en chaîne,Fulmine a catena,Kettenblitz,Relámpago en cadena,Цепная молния,连锁闪电,チェインライトニング,연쇄 번개
skill.gold.medpack.desc,(generated),Increase Health Pack heal amount,Augmente les soins des kits de soin,Aumenta la cura dei kit medici,Erhöht die Heilung von Heilpaketen,Aumenta la curación de los botiquines,Увеличивает лечение от аптечек,提高医疗包的治疗量,ヘルスパックの回復量を増加,회복 팩의 회복량 증가
skill.gold.medpack.name,(generated),Field Medic,Médecin de terrain,Medico da campo,Feldsanitäter,Médico de campaña,Полевой медик,战地医师,フィールドメディック,야전 의무병
skill.gold.medpack.upgrade,(generated),Increase Health Pack heal amount further,Augmente encore les soins des kits de soin,Aumenta ulteriormente la cura dei kit medici,Erhöht die Heilung von Heilpaketen weiter,Aumenta aún más la curación de los botiquines,Ещё больше увеличивает лечение от аптечек,进一步提高医疗包的治疗量,ヘルスパックの回復量をさらに増加,회복 팩의 회복량 추가 증가
skill.gold.midas.desc,(generated),Arrows have a chance to turn an enemy golden,Les flèches ont une chance de changer un ennemi en or,Le frecce hanno una probabilità di trasformare un nemico in oro,"Pfeile haben eine Chance, einen Gegner zu vergolden",Las flechas tienen una probabilidad de volver dorado a un enemigo,Стрелы с некоторым шансом превращают врага в золотого,箭矢有几率使敌人变成黄金,矢が敵を黄金化させることがある,화살이 일정 확률로 적을 황금으로 만듭니다
skill.gold.midas.name,(generated),Arrows of Midas,Flèches de Midas,Frecce di Mida,Pfeile des Midas,Flechas de Midas,Стрелы Мидаса,迈达斯之箭,ミダスの矢,미다스의 화살
skill.gold.midas.upgrade,(generated),Increase the chance to turn an enemy golden,Augmente la chance de changer un ennemi en or,Aumenta la probabilità di trasformare un nemico in oro,"Erhöht die Chance, einen Gegner zu vergolden",Aumenta la probabilidad de volver dorado a un enemigo,Увеличивает шанс превратить врага в золотого,提高使敌人变成黄金的几率,敵を黄金化させる確率を増加,적을 황금으로 만들 확률 증가
skill.gold.move_1.desc,(generated),Increase move speed,Augmente la vitesse de déplacement,Aumenta la velocità di movimento,Erhöht die Bewegungsgeschwindigkeit,Aumenta la velocidad de movimiento,Увеличивает скорость передвижения,提高移动速度,移動速度を増加,이동 속도 증가
skill.gold.move_1.name,(generated),Fleet Footed,Pied léger,Piè veloce,Leichtfüßig,Pies ligeros,Быстроногий,健步如飞,俊足,날랜 발
skill.gold.move_1.upgrade,(generated),Increase move speed further,Augmente encore la vitesse de déplacement,Aumenta ulteriormente la velocità di movimento,Erhöht die Bewegungsgeschwindigkeit weiter,Aumenta aún más la velocidad de movimiento,Ещё больше увеличивает скорость передвижения,进一步提高移动速度,移動速度をさらに増加,이동 속도 추가 증가
skill.gold.multidmg.desc,(generated),Increase additional arrow damage proportional to main arrow,Augmente les dégâts des flèches supplémentaires proportionnellement à la flèche principale,Aumenta i danni delle frecce aggiuntive in proporzione alla freccia principale,Erhöht den Schaden zusätzlicher Pfeile proportional zum Hauptpfeil,Aumenta el daño de las flechas adicionales en proporción a la flecha principal,Увеличивает урон дополнительных стрел пропорционально основной стреле,按主箭比例提高额外箭矢的伤害,追加の矢のダメージをメインの矢に比例して増加,추가 화살의 피해량이 주 화살에 비례해 증가
skill.gold.multidmg.name,(generated),Heavy Arrows,Flèches lourdes,Frecce pesanti,Schwere Pfeile,Flechas pesadas,Тяжёлые стрелы,重型箭矢,ヘビーアロー,무거운 화살
skill.gold.multidmg.upgrade,(generated),Increase additional arrow damage further,Augmente encore les dégâts des flèches supplémentaires,Aumenta ulteriormente i danni delle frecce aggiuntive,Erhöht den Schaden zusätzlicher Pfeile weiter,Aumenta aún más el daño de las flechas adicionales,Ещё больше увеличивает урон дополнительных стрел,进一步提高额外箭矢的伤害,追加の矢のダメージをさらに増加,추가 화살 피해량 추가 증가
skill.gold.multishot.desc,(generated),Fire an additional arrow with reduced damage,Tire une flèche supplémentaire aux dégâts réduits,Scaglia una freccia aggiuntiva con danni ridotti,Verschießt einen zusätzlichen Pfeil mit reduziertem Schaden,Dispara una flecha adicional con daño reducido,Выпускает дополнительную стрелу с уменьшенным уроном,发射一支伤害降低的额外箭矢,ダメージの低い追加の矢を発射,피해량이 감소한 추가 화살을 발사합니다
skill.gold.multishot.name,(generated),Multi Shot,Tir multiple,Tiro multiplo,Mehrfachschuss,Disparo múltiple,Мультивыстрел,多重射击,マルチショット,멀티샷
skill.gold.multishot.upgrade,(generated),Fire one more additional arrow,Tire une flèche supplémentaire de plus,Scaglia un'ulteriore freccia aggiuntiva,Verschießt einen weiteren zusätzlichen Pfeil,Dispara una flecha adicional más,Выпускает ещё одну дополнительную стрелу,再多发射一支额外箭矢,追加の矢をもう1本発射,추가 화살을 하나 더 발사합니다
skill.gold.parry.desc,(generated),Chance to parry melee damage when facing your attacker,Chance de parer les dégâts de mêlée en faisant face à l'attaquant,Probabilità di parare i danni da mischia quando affronti l'attaccante,"Chance, Nahkampfschaden zu parieren, wenn du dem Angreifer zugewandt bist",Probabilidad de desviar el daño cuerpo a cuerpo al estar de frente al atacante,"Шанс парировать урон в ближнем бою, если вы обращены лицом к атакующему",面向攻击者时有几率招架近战伤害,攻撃者と向き合っているとき近接ダメージをパリィすることがある,공격자를 마주 보고 있을 때 근접 피해를 쳐낼 확률
skill.gold.parry.name,(generated),Parry,Parade,Parata,Parade,Parada,Парирование,招架,パリィ,패링
skill.gold.parry.upgrade,(generated),Increase parry chance,Augmente la chance de parade,Aumenta la probabilità di parata,Erhöht die Paradechance,Aumenta la probabilidad de parada,Увеличивает шанс парирования,提高招架几率,パリィ確率を増加,패링 확률 증가
skill.gold.pickuparrow_1.desc,(generated),Arrows collect gold and power-ups they fly past,Les flèches ramassent l'or et les bonus qu'elles croisent en vol,Le frecce raccolgono l'oro e i potenziamenti che incontrano in volo,"Pfeile sammeln Gold und Power-ups ein, an denen sie vorbeifliegen",Las flechas recogen el oro y las mejoras junto a las que pasan volando,"Стрелы подбирают золото и усиления, мимо которых пролетают",箭矢飞过时会收集沿途的金币和强化道具,矢が飛行中に通り過ぎたゴールドやパワーアップを回収する,화살이 지나가며 골드와 파워업을 수집합니다
skill.gold.pickuparrow_1.name,(generated),Retriever,Rapporteur,Recuperatore,Apportierer,Recolector,Добытчик,寻回者,レトリバー,회수자
skill.gold.plunder.desc,(generated),Increase gold gained from enemies,Augmente l'or obtenu des ennemis,Aumenta l'oro ottenuto dai nemici,Erhöht das von Gegnern erhaltene Gold,Aumenta el oro obtenido de los enemigos,"Увеличивает золото, получаемое с врагов",提高从敌人处获得的金币,敵から得られるゴールドを増加,적에게서 얻는 골드 증가
skill.gold.plunder.name,(generated),Plunder,Pillage,Saccheggio,Plünderung,Saqueo,Грабёж,掠夺,略奪,약탈
skill.gold.plunder.upgrade,(generated),Increase gold gained further,Augmente encore l'or obtenu,Aumenta ulteriormente l'oro ottenuto,Erhöht das erhaltene Gold weiter,Aumenta aún más el oro obtenido,Ещё больше увеличивает получаемое золото,进一步提高获得的金币,得られるゴールドをさらに増加,획득 골드 추가 증가
skill.gold.precision.desc,(generated),Increase vulnerable hit damage,Augmente les dégâts des coups sur points vulnérables,Aumenta i danni dei colpi sui punti vulnerabili,Erhöht den Schaden von Treffern auf Schwachstellen,Aumenta el daño de los golpes en puntos vulnerables,Увеличивает урон по уязвимым местам,提高对弱点的命中伤害,弱点ヒットのダメージを増加,약점 적중 피해량 증가
skill.gold.precision.name,(generated),Precision Shot,Tir de précision,Tiro di precisione,Präzisionsschuss,Disparo de precisión,Точный выстрел,精准射击,プレシジョンショット,정밀 사격
skill.gold.precision.upgrade,(generated),Increase vulnerable hit damage further,Augmente encore les dégâts des coups sur points vulnérables,Aumenta ulteriormente i danni dei colpi sui punti vulnerabili,Erhöht den Schaden von Treffern auf Schwachstellen weiter,Aumenta aún más el daño de los golpes en puntos vulnerables,Ещё больше увеличивает урон по уязвимым местам,进一步提高对弱点的命中伤害,弱点ヒットのダメージをさらに増加,약점 적중 피해량 추가 증가
skill.gold.range_ext.desc,(generated),Increase sword range,Augmente la portée de l'épée,Aumenta la portata della spada,Erhöht die Schwertreichweite,Aumenta el alcance de la espada,Увеличивает дальность меча,提高剑的攻击范围,剣のリーチを増加,검 사거리 증가
skill.gold.range_ext.name,(generated),Extended Blade,Lame allongée,Lama estesa,Verlängerte Klinge,Hoja extendida,Удлинённый клинок,加长之刃,エクステンドブレード,연장된 칼날
skill.gold.range_ext.upgrade,(generated),Extend the blade further,Allonge encore la lame,Estendi ulteriormente la lama,Verlängert die Klinge weiter,Extiende la hoja aún más,Ещё больше удлиняет клинок,进一步加长刀刃,刃をさらに延長,칼날 추가 연장
skill.gold.solid.desc,(generated),Periodically block 1 damage source,Bloque périodiquement 1 source de dégâts,Blocca periodicamente 1 fonte di danno,Blockt regelmäßig 1 Schadensquelle,Bloquea periódicamente 1 fuente de daño,Периодически блокирует 1 источник урона,定期格挡1次伤害来源,定期的にダメージ源を1回ブロック,주기적으로 피해 1회 방어
skill.gold.solid.name,(generated),Solid,Solide,Solido,Standhaft,Sólido,Несокрушимый,坚固,ソリッド,견고
skill.gold.solid.upgrade,(generated),Reduce the block cooldown by 1s,Réduit le temps de recharge du blocage de 1 s,Riduce il tempo di ricarica del blocco di 1 s,Verringert die Abklingzeit des Blocks um 1 s,Reduce el tiempo de reutilización del bloqueo en 1 s,Сокращает перезарядку блока на 1 с,格挡冷却时间减少1秒,ブロックのクールダウンを1秒短縮,방어 재사용 대기시간 1초 감소
skill.gold.sprint.desc,(generated),Increase sprint speed,Augmente la vitesse de sprint,Aumenta la velocità di scatto,Erhöht die Sprintgeschwindigkeit,Aumenta la velocidad de esprint,Увеличивает скорость спринта,提高冲刺速度,スプリント速度を増加,전력 질주 속도 증가
skill.gold.sprint.name,(generated),Sprinter,Sprinteur,Velocista,Sprinter,Velocista,Спринтер,冲刺者,スプリンター,스프린터
skill.gold.sprint.upgrade,(generated),Increase sprint speed further,Augmente encore la vitesse de sprint,Aumenta ulteriormente la velocità di scatto,Erhöht die Sprintgeschwindigkeit weiter,Aumenta aún más la velocidad de esprint,Ещё больше увеличивает скорость спринта,进一步提高冲刺速度,スプリント速度をさらに増加,전력 질주 속도 추가 증가
skill.gold.stormarrow_1.desc,(generated),Arrows are affected by your Chain Lightning buff: hits chain to nearby enemies,Les flèches profitent de votre bonus Éclair en chaîne : les coups se propagent aux ennemis proches,Le frecce beneficiano del potenziamento Fulmine a catena: i colpi si propagano ai nemici vicini,Pfeile profitieren von deinem Kettenblitz-Buff: Treffer springen auf nahe Gegner über,Las flechas se benefician de tu mejora de Relámpago en cadena: los impactos se encadenan a los enemigos cercanos,На стрелы действует бафф цепной молнии: попадания перескакивают на ближайших врагов,箭矢受连锁闪电增益影响：命中会连锁至附近敌人,矢にチェインライトニングのバフが適用され、ヒットが周囲の敵に連鎖する,화살에 연쇄 번개 버프가 적용되어 적중 시 주변 적에게 연쇄됩니다
skill.gold.stormarrow_1.name,(generated),Storm Arrow,Flèche des tempêtes,Freccia della tempesta,Sturmpfeil,Flecha de tormenta,Грозовая стрела,风暴之箭,ストームアロー,폭풍 화살
skill.gold.swiftarrow.desc,(generated),Arrows fly faster and drop less over distance,Les flèches volent plus vite et chutent moins avec la distance,Le frecce volano più veloci e perdono meno quota con la distanza,Pfeile fliegen schneller und fallen über die Distanz weniger ab,Las flechas vuelan más rápido y caen menos con la distancia,Стрелы летят быстрее и меньше снижаются с расстоянием,箭矢飞行更快，远距离下坠更少,矢の飛行速度が上がり、距離による落下が減少,화살이 더 빠르게 날아가고 거리에 따른 낙차가 줄어듭니다
skill.gold.swiftarrow.name,(generated),Swift Arrows,Flèches véloces,Frecce rapide,Schnelle Pfeile,Flechas veloces,Быстрые стрелы,迅捷箭矢,スウィフトアロー,신속한 화살
skill.gold.swiftarrow.upgrade,(generated),Increase arrow speed further,Augmente encore la vitesse des flèches,Aumenta ulteriormente la velocità delle frecce,Erhöht die Pfeilgeschwindigkeit weiter,Aumenta aún más la velocidad de las flechas,Ещё больше увеличивает скорость стрел,进一步提高箭矢速度,矢の速度をさらに増加,화살 속도 추가 증가
skill.gold.sword_dmg.desc,(generated),Increase sword damage,Augmente les dégâts de l'épée,Aumenta i danni della spada,Erhöht den Schwertschaden,Aumenta el daño de la espada,Увеличивает урон меча,提高剑的伤害,剣のダメージを増加,검 피해량 증가
skill.gold.sword_dmg.name,(generated),Sharpened Edge,Tranchant affûté,Filo affilato,Geschärfte Klinge,Filo afilado,Заточенное лезвие,锋利刀刃,研ぎ澄まされた刃,벼려진 칼날
skill.gold.sword_dmg.upgrade,(generated),Sharpen the blade further,Affûte encore la lame,Affila ulteriormente la lama,Schärft die Klinge weiter,Afila la hoja aún más,Ещё сильнее затачивает клинок,进一步磨砺刀刃,刃をさらに研ぎ澄ます,칼날 추가 연마
skill.gold.unstableorbs_1.desc,(generated),Your main arrow detonates Impulse and Lightning Orbs it strikes: an impulse blast or chain lightning erupts from the orb,Votre flèche principale fait détoner les orbes d'impulsion et de foudre qu'elle frappe : une déflagration d'impulsion ou un éclair en chaîne jaillit de l'orbe,La tua freccia principale fa detonare le Sfere d'impulso e di fulmine che colpisce: dalla sfera erompe un'esplosione d'impulso o un fulmine a catena,Dein Hauptpfeil bringt getroffene Impuls- und Blitzkugeln zur Detonation: Aus der Kugel bricht eine Impulsexplosion oder ein Kettenblitz hervor,Tu flecha principal detona los orbes de impulso y de rayo que golpea: del orbe estalla una explosión de impulso o un relámpago en cadena,Ваша основная стрела подрывает сферы импульса и молний при попадании: из сферы вырывается импульсный взрыв или цепная молния,主箭命中冲击宝珠和闪电宝珠时会将其引爆：宝珠中迸发出冲击波或连锁闪电,メインの矢が命中したインパルスオーブとライトニングオーブを起爆させ、オーブから衝撃波またはチェインライトニングが発生する,주 화살이 명중한 임펄스 구슬과 번개 구슬을 폭발시켜 구슬에서 충격파 또는 연쇄 번개가 터져 나옵니다
skill.gold.unstableorbs_1.name,(generated),Unstable Orbs,Orbes instables,Sfere instabili,Instabile Kugeln,Orbes inestables,Нестабильные сферы,不稳定宝珠,アンステーブルオーブ,불안정한 구슬
skill.gold.vamp.desc,(generated),Heal a percentage of the damage you deal,Récupérez un pourcentage des dégâts infligés,Recupera una percentuale dei danni inflitti,Heilt einen Prozentsatz des verursachten Schadens,Cura un porcentaje del daño que infliges,Восстанавливает процент от нанесённого урона,按造成伤害的一定百分比回复生命,与えたダメージの一定割合を回復,가한 피해의 일정 비율만큼 회복합니다
skill.gold.vamp.name,(generated),Vampiric Blade,Lame vampirique,Lama vampirica,Vampirklinge,Hoja vampírica,Вампирский клинок,吸血之刃,ヴァンピリックブレード,흡혈 칼날
skill.gold.vamp.upgrade,(generated),Heal more of the damage you deal,Récupérez une plus grande part des dégâts infligés,Recupera una quota maggiore dei danni inflitti,Heilt einen größeren Anteil des verursachten Schadens,Cura una mayor parte del daño que infliges,Восстанавливает больше от нанесённого урона,回复更多造成的伤害,与えたダメージをより多く回復,가한 피해를 더 많이 회복합니다
skill.reinc.deathgold.desc,(generated),Auto-collect 25% of the gold on the ground when you die,Ramasse automatiquement 25% de l'or au sol à votre mort,Raccoglie automaticamente il 25% dell'oro a terra quando muori,Sammelt bei deinem Tod automatisch 25% des Goldes am Boden ein,Recoge automáticamente el 25% del oro del suelo al morir,При смерти автоматически собирает 25% золота с земли,死亡时自动收集地面上25%的金币,死亡時に地面のゴールドの25%を自動回収,사망 시 바닥에 있는 골드의 25%를 자동 수집
skill.reinc.deathgold.name,(generated),Grave Robber,Pilleur de tombes,Profanatore di tombe,Grabräuber,Saqueador de tumbas,Расхититель могил,盗墓贼,グレイブロバー,도굴꾼
skill.reinc.deathgold.upgrade,(generated),Auto-collect more of the gold when you die,Ramasse automatiquement davantage d'or à votre mort,Raccoglie automaticamente più oro quando muori,Sammelt bei deinem Tod automatisch mehr Gold ein,Recoge automáticamente más oro al morir,При смерти автоматически собирает больше золота,死亡时自动收集更多金币,死亡時により多くのゴールドを自動回収,사망 시 더 많은 골드를 자동 수집
skill.reinc.golden.desc,(generated),Chance for a spawned goblin to be a Golden Goblin; golden goblins drop bonus gold,Chance qu'un gobelin apparaisse en Gobelin doré ; les gobelins dorés lâchent de l'or bonus,Probabilità che un goblin generato sia un Goblin dorato; i goblin dorati rilasciano oro bonus,"Chance, dass ein erscheinender Goblin ein Goldener Goblin ist; Goldene Goblins lassen Bonusgold fallen",Probabilidad de que un goblin generado sea un Goblin dorado; los goblins dorados sueltan oro extra,Шанс появления Золотого гоблина; золотые гоблины приносят бонусное золото,生成的哥布林有几率成为黄金哥布林；黄金哥布林会掉落额外金币,出現するゴブリンがゴールデンゴブリンになることがある。ゴールデンゴブリンはボーナスゴールドを落とす,생성된 고블린이 황금 고블린이 될 확률이 있으며 황금 고블린은 보너스 골드를 떨어뜨립니다
skill.reinc.golden.name,(generated),Golden Scent,Flair doré,Profumo d'oro,Goldwitterung,Olor a oro,Золотое чутьё,黄金气息,ゴールドの気配,황금의 냄새
skill.reinc.golden.upgrade,(generated),Increase Golden Goblin chance and bonus gold,Augmente la chance de Gobelin doré et l'or bonus,Aumenta la probabilità di Goblin dorato e l'oro bonus,Erhöht die Chance auf Goldene Goblins und das Bonusgold,Aumenta la probabilidad de Goblin dorado y el oro extra,Увеличивает шанс Золотого гоблина и бонусное золото,提高黄金哥布林几率和额外金币,ゴールデンゴブリンの確率とボーナスゴールドを増加,황금 고블린 확률과 보너스 골드 증가
skill.reinc.greedy_stand.desc,(generated),Hold the Line banks +2% more gold per wave you stay out on the front line,Tenir la ligne rapporte +2% d'or de plus par vague passée en première ligne,Tenere la linea accumula +2% d'oro in più per ogni ondata passata in prima linea,Stellung halten bringt +2% mehr Gold pro Welle an vorderster Front,Mantener la línea acumula +2% más de oro por cada oleada que resistas en primera línea,«Держать строй» приносит на +2% больше золота за каждую волну на передовой,坚守防线每坚守一波可额外积累+2%金币,ホールド・ザ・ラインで前線に留まったウェーブごとに+2%多くゴールドを蓄積,전선 사수 시 최전선에서 버틴 웨이브당 +2%의 골드를 추가로 적립합니다
skill.reinc.greedy_stand.name,(generated),Greedy Stand,Bastion Cupide,Baluardo Avido,Gieriger Stand,Postura Codiciosa,Жадная стойка,贪婪坚守,強欲の構え,탐욕의 항전
skill.reinc.greedy_stand.upgrade,(generated),Increase the per-wave Hold the Line gold bonus,Augmente le bonus d'or par vague de Tenir la ligne,Aumenta il bonus d'oro per ondata di Tenere la linea,Erhöht den Gold-Bonus pro Welle für Die Stellung halten,Aumenta el bono de oro por oleada de Mantener la línea,Увеличивает бонус золота за волну от «Держать оборону»,提升“坚守防线”每波的金币加成,ホールド・ザ・ラインの1ウェーブごとのゴールドボーナスを増加,전선 사수의 웨이브당 골드 보너스 증가
skill.reinc.nova_cooldown.desc,(generated),-20s Death Nova cooldown,-20s de recharge de la Nova de la Mort,-20s di ricarica della Nova della Morte,-20s Todesnova-Abklingzeit,-20s de reutilización de la Nova de la Muerte,-20s перезарядки Новы смерти,死亡新星冷却-20s,デスノヴァのクールダウン-20s,데스 노바 재사용 대기시간 -20s
skill.reinc.nova_cooldown.name,(generated),Quicker Renewal,Renouveau Rapide,Rinnovo Rapido,Schnellere Erneuerung,Renovación Rápida,Быстрое обновление,急速复苏,迅速なる再生,빠른 재생
skill.reinc.nova_cooldown.upgrade,(generated),-20s Death Nova cooldown,-20s de recharge de la Nova de la Mort,-20s di ricarica della Nova della Morte,-20s Todesnova-Abklingzeit,-20s de reutilización de la Nova de la Muerte,-20s перезарядки Новы смерти,死亡新星冷却-20s,デスノヴァのクールダウン-20s,데스 노바 재사용 대기시간 -20s
skill.reinc.nova_revive.desc,(generated),Also revive at 50% health when the Death Nova triggers,Ressuscite également avec 50% de vie lorsque la Nova de la Mort se déclenche,Resuscita anche con il 50% della salute quando si attiva la Nova della Morte,Wiederbelebung mit 50% Leben beim Auslösen der Todesnova,También revives con un 50% de salud cuando se activa la Nova de la Muerte,Также воскрешает с 50% здоровья при срабатывании Новы смерти,死亡新星触发时还会以50%生命值复活,デスノヴァの発動時に体力50%で復活もする,데스 노바 발동 시 체력 50%로 부활
skill.reinc.nova_revive.name,(generated),Second Wind,Second Souffle,Secondo Respiro,Zweiter Atem,Segundo Aliento,Второе дыхание,绝处逢生,セカンドウィンド,세컨드 윈드
skill.reinc.nova_revive.upgrade,(generated),Increase the Death Nova revive health,Augmente la vie de résurrection de la Nova de la Mort,Aumenta la salute di resurrezione della Nova della Morte,Erhöht das Wiederbelebungsleben der Todesnova,Aumenta la salud de resurrección de la Nova de la Muerte,Увеличивает здоровье при воскрешении от Новы смерти,提升死亡新星复活时的生命值,デスノヴァ復活時の体力を増加,데스 노바 부활 체력 증가
skill.reinc.nova_unlock.desc,(generated),"Unlocks the Death Nova: on lethal damage, blast nearby enemies with damage and knockback","Débloque la Nova de la Mort : en cas de dégâts mortels, inflige dégâts et recul aux ennemis proches","Sblocca la Nova della Morte: subendo danni letali, colpisce i nemici vicini con danni e respinta",Schaltet die Todesnova frei: Bei tödlichem Schaden trifft sie nahe Gegner mit Schaden und Rückstoß,"Desbloquea la Nova de la Muerte: al recibir daño letal, golpea a los enemigos cercanos con daño y empuje",Открывает Нову смерти: при смертельном уроне поражает ближайших врагов уроном и отбрасыванием,解锁死亡新星：受到致命伤害时，对周围敌人造成伤害与击退,デスノヴァを解放：致死ダメージを受けた際、周囲の敵にダメージとノックバックを与える,데스 노바 해금: 치명적인 피해를 받으면 주변 적에게 피해와 넉백을 가함
skill.reinc.nova_unlock.name,(generated),Death's Reprieve,Sursis de la Mort,Tregua della Morte,Gnadenfrist des Todes,Indulto de la Muerte,Отсрочка смерти,死亡缓刑,死の猶予,죽음의 유예
skill.reinc.start_mounted.desc,(generated),Begin every run already mounted on a warhorse — no gold-tree riding node needed,Commencez chaque partie déjà en selle sur un cheval de guerre — aucun nœud d'équitation de l'arbre d'or requis,Inizia ogni partita già in sella a un cavallo da guerra — nessun nodo di equitazione dell'albero dell'oro richiesto,Beginne jeden Durchlauf bereits auf einem Schlachtross — kein Reit-Knoten im Goldbaum nötig,Comienza cada partida ya montado en un caballo de guerra — sin necesidad del nodo de monta del árbol de oro,Начинайте каждый забег уже верхом на боевом коне — узел верховой езды в золотом древе не нужен,每次开局即骑乘战马——无需金币树的骑术节点,毎回のランを軍馬に騎乗した状態で開始——ゴールドツリーの騎乗ノードは不要,매 판을 군마에 탑승한 채로 시작 — 골드 트리의 기승 노드 불필요
skill.reinc.start_mounted.name,(generated),Cavalier,Cavalier,Cavaliere,Kavallerist,Jinete,Кавалерист,骑兵,キャバリア,기병
stat.AllDamageMultiplier,(generated),All Damage,Dégâts globaux,Danni totali,Gesamtschaden,Daño total,Весь урон,全部伤害,全ダメージ,모든 피해
stat.AxeBoomerangUnlocked,(generated),Axe Boomerang Unlocked,Boomerang de hache débloqué,Boomerang dell'ascia sbloccato,Axt-Bumerang freigeschaltet,Bumerán de hacha desbloqueado,Бумеранг топора открыт,飞斧回旋已解锁,アックスブーメラン解放,도끼 부메랑 해금
stat.AxeThrowChargeDamageBonus,(generated),Axe Throw Charge Damage Bonus,Bonus de dégâts de charge du lancer de hache,Bonus danni carica lancio d'ascia,Axtwurf-Aufladungsschadensbonus,Bono de daño de carga de lanzamiento de hacha,Бонус урона заряда броска топора,投斧蓄力伤害加成,アックススロー・チャージダメージボーナス,도끼 투척 충전 피해 보너스
stat.AxeThrowDamage,(generated),Axe Throw Damage,Dégâts du lancer de hache,Danni lancio d'ascia,Axtwurf-Schaden,Daño de lanzamiento de hacha,Урон броска топора,投斧伤害,アックススローダメージ,도끼 투척 피해
stat.AxeThrowKnockback,(generated),Axe Throw Knockback,Recul du lancer de hache,Respinta lancio d'ascia,Axtwurf-Rückstoß,Empuje de lanzamiento de hacha,Отбрасывание броска топора,投斧击退,アックススローノックバック,도끼 투척 넉백
stat.AxeThrowMaxChargeLevels,(generated),Axe Throw Max Charge Levels,Niveaux de charge max du lancer de hache,Livelli di carica max lancio d'ascia,Max. Axtwurf-Aufladungsstufen,Niveles máx. de carga de lanzamiento de hacha,Макс. уровни заряда броска топора,投斧最大蓄力等级,アックススロー最大チャージレベル,도끼 투척 최대 충전 단계
stat.AxeThrowPierceCount,(generated),Axe Throw Pierce Count,Perforations du lancer de hache,Perforazioni lancio d'ascia,Axtwurf-Durchschläge,Perforaciones de lanzamiento de hacha,Пробивание броска топора,投斧穿透数,アックススロー貫通数,도끼 투척 관통 수
stat.AxeThrowUnlocked,(generated),Axe Throw Unlocked,Lancer de hache débloqué,Lancio d'ascia sbloccato,Axtwurf freigeschaltet,Lanzamiento de hacha desbloqueado,Бросок топора открыт,投斧已解锁,アックススロー解放,도끼 투척 해금
stat.AxeThrowWidth,(generated),Axe Throw Width,Largeur du lancer de hache,Larghezza lancio d'ascia,Axtwurf-Breite,Anchura de lanzamiento de hacha,Ширина броска топора,投斧宽度,アックススロー幅,도끼 투척 폭
stat.BlockCooldown,(generated),Auto-block,Blocage auto,Blocco automatico,Auto-Block,Bloqueo automático,Автоблок,自动格挡,オートブロック,자동 방어
stat.BowArrowSpeed,(generated),Arrow Speed,Vitesse des flèches,Velocità delle frecce,Pfeilgeschwindigkeit,Velocidad de flecha,Скорость стрел,箭矢速度,矢の速度,화살 속도
stat.BowBounceChance,(generated),Bounce Chance,Chance de rebond,Probabilità di rimbalzo,Abprallchance,Probabilidad de rebote,Шанс рикошета,弹射几率,バウンド確率,튕김 확률
stat.BowChargeDamageBonus,(generated),Bow Charge Damage / level,Dégâts de charge de l'arc / niveau,Danni carica arco / livello,Bogen-Aufladungsschaden / Stufe,Daño de carga del arco / nivel,Урон заряда лука / уровень,弓蓄力伤害 / 等级,弓チャージダメージ / レベル,활 충전 피해 / 레벨
stat.BowDamage,(generated),Bow Damage,Dégâts de l'arc,Danni dell'arco,Bogenschaden,Daño del arco,Урон лука,弓伤害,弓ダメージ,활 피해
stat.BowImpulseArrows,(generated),Impulse Arrows,Flèches d'Impulsion,Frecce a Impulso,Impuls-Pfeile,Flechas de Impulso,Импульсные стрелы,冲击箭,インパルスアロー,임펄스 화살
stat.BowMaxChargeLevels,(generated),Bow Charge Levels,Niveaux de charge de l'arc,Livelli di carica dell'arco,Bogen-Aufladungsstufen,Niveles de carga del arco,Уровни заряда лука,弓蓄力等级,弓チャージレベル,활 충전 단계
stat.BowMultishotArrows,(generated),Extra Arrows,Flèches supplémentaires,Frecce extra,Zusätzliche Pfeile,Flechas adicionales,Доп. стрелы,额外箭矢,追加の矢,추가 화살
stat.BowMultishotDamagePercent,(generated),Extra Arrow Damage,Dégâts des flèches supplémentaires,Danni frecce extra,Schaden zusätzlicher Pfeile,Daño de flechas adicionales,Урон доп. стрел,额外箭矢伤害,追加の矢のダメージ,추가 화살 피해
stat.BowPickupArrows,(generated),Retriever,Récupérateur,Recuperatore,Rückholer,Recuperador,Собиратель,拾箭者,レトリーバー,회수꾼
stat.BowPrecisionDamageBonus,(generated),Precision Damage,Dégâts de précision,Danni di precisione,Präzisionsschaden,Daño de precisión,Урон точности,精准伤害,精密ダメージ,정밀 피해
stat.BowStormArrows,(generated),Storm Arrows,Flèches de tempête,Frecce di tempesta,Sturmpfeile,Flechas de tormenta,Штормовые стрелы,风暴箭,ストームアロー,폭풍 화살
stat.BowUnlocked,(generated),Bow Unlocked,Arc débloqué,Arco sbloccato,Bogen freigeschaltet,Arco desbloqueado,Лук открыт,弓已解锁,弓解放,활 해금
stat.BowUnstableOrbs,(generated),Unstable Orbs,Orbes instables,Sfere instabili,Instabile Orbs,Orbes inestables,Нестабильные сферы,不稳定法球,不安定なオーブ,불안정한 구슬
stat.BrainFreezeSlowPercent,(generated),Brain Freeze Slow,Ralentissement Gel Cérébral,Rallentamento Gelo Cerebrale,Hirnfrost-Verlangsamung,Ralentización de Congelación Cerebral,Замедление Заморозки мозга,脑冻结减速,ブレインフリーズ減速,브레인 프리즈 둔화
stat.ChainLightningBounces,(generated),Lightning Bounces,Rebonds d'éclair,Rimbalzi del fulmine,Blitz-Sprünge,Rebotes de rayo,Отскоки молнии,闪电弹射次数,稲妻のバウンド数,번개 튕김 횟수
stat.ChainLightningCritChance,(generated),Lightning Crit Chance,Chance de critique d'éclair,Probabilità critica del fulmine,Blitz-Kritchance,Probabilidad de crítico de rayo,Шанс крита молнии,闪电暴击几率,稲妻クリティカル率,번개 치명타 확률
stat.ChainLightningDamagePercent,(generated),Lightning Damage,Dégâts d'éclair,Danni da fulmine,Blitzschaden,Daño de rayo,Урон молнии,闪电伤害,稲妻ダメージ,번개 피해
stat.ChainLightningOrbDuration,(generated),Lightning Duration,Durée d'éclair,Durata del fulmine,Blitzdauer,Duración de rayo,Длительность молнии,闪电持续时间,稲妻持続時間,번개 지속시간
stat.ChargeDamageBonus,(generated),Charge Damage / level,Dégâts de charge / niveau,Danni carica / livello,Aufladungsschaden / Stufe,Daño de carga / nivel,Урон заряда / уровень,蓄力伤害 / 等级,チャージダメージ / レベル,충전 피해 / 레벨
stat.ChargeKnockbackBonus,(generated),Charge Knockback / level,Recul de charge / niveau,Respinta carica / livello,Aufladungsrückstoß / Stufe,Empuje de carga / nivel,Отбрасывание заряда / уровень,蓄力击退 / 等级,チャージノックバック / レベル,충전 넉백 / 레벨
stat.ConduitChainChance,(generated),Chain Chance,Chance de chaîne,Probabilità di catena,Kettenchance,Probabilidad de cadena,Шанс цепи,连锁几率,チェーン確率,연쇄 확률
stat.ConduitDamageReductionPercent,(generated),Damage Reduction,Réduction de dégâts,Riduzione danni,Schadensreduktion,Reducción de daño,Снижение урона,伤害减免,ダメージ軽減,피해 감소
stat.CounterstrikePercent,(generated),Counterstrike,Contre-attaque,Contrattacco,Konter,Contraataque,Контрудар,反击,カウンター,반격
stat.CritChance,(generated),Crit Chance,Chance de critique,Probabilità critica,Kritchance,Prob. de crítico,Шанс крита,暴击几率,クリティカル率,치명타 확률
stat.CritMultiplier,(generated),Crit Multiplier,Multiplicateur de critique,Moltiplicatore critico,Krit-Multiplikator,Multiplicador de crítico,Множитель крита,暴击倍率,クリティカル倍率,치명타 배율
stat.DeathNovaCharges,(generated),Death Nova Charges,Charges de Nova de la Mort,Cariche di Nova della Morte,Todesnova-Ladungen,Cargas de Nova de la Muerte,Заряды Новы смерти,死亡新星充能,デスノヴァチャージ数,데스 노바 충전
stat.DeathNovaCooldown,(generated),Death Nova Cooldown,Recharge de Nova de la Mort,Ricarica Nova della Morte,Todesnova-Abklingzeit,Reutilización de Nova de la Muerte,Перезарядка Новы смерти,死亡新星冷却,デスノヴァクールダウン,데스 노바 재사용 대기시간
stat.DeathNovaRevivePercent,(generated),Revive Health,Vie de résurrection,Salute di resurrezione,Wiederbelebungsleben,Salud de resurrección,Здоровье при воскрешении,复活生命值,復活時体力,부활 체력
stat.ExplodingHeadsDamagePercent,(generated),Exploding Heads Damage,Dégâts Têtes Explosives,Danni Teste Esplosive,Schaden explodierender Köpfe,Daño de Cabezas Explosivas,Урон Взрывных голов,爆裂头颅伤害,頭部爆発ダメージ,머리 폭발 피해
stat.FlamingArrowsBomberDetonateChance,(generated),Bomber Detonate Chance,Chance de détonation de Bombardier,Probabilità di detonazione Bombarolo,Bomber-Detonationschance,Probabilidad de detonación de Bombardero,Шанс детонации бомбардира,轰炸者引爆几率,ボマー起爆確率,폭탄병 기폭 확률
stat.FlamingArrowsDamagePercent,(generated),Fire Damage,Dégâts de feu,Danni da fuoco,Feuerschaden,Daño de fuego,Урон огнём,火焰伤害,炎ダメージ,화염 피해
stat.FreezingDrawSlowPercent,(generated),Freezing Draw Slow,Ralentissement Tir Glacial,Rallentamento Tiro Gelido,Frostschuss-Verlangsamung,Ralentización de Disparo Gélido,Замедление Ледяной тетивы,冰霜拉弓减速,フリージングドロー減速,얼어붙는 시위 둔화
stat.GoldDropMultiplier,(generated),Gold Drop,Butin d'or,Bottino d'oro,Gold-Drop,Botín de oro,Выпадение золота,金币掉落,ゴールドドロップ,골드 드롭
stat.GoldenGoblinChance,(generated),Golden Goblin Chance,Chance de Gobelin Doré,Probabilità Goblin Dorato,Goldgoblin-Chance,Probabilidad de Goblin Dorado,Шанс золотого гоблина,黄金哥布林几率,ゴールデンゴブリン確率,황금 고블린 확률
stat.GoldenGoblinGoldBonusPercent,(generated),Golden Goblin Bonus,Bonus de Gobelin Doré,Bonus Goblin Dorato,Goldgoblin-Bonus,Bono de Goblin Dorado,Бонус золотого гоблина,黄金哥布林加成,ゴールデンゴブリンボーナス,황금 고블린 보너스
stat.GoldOnDeathPickupPercent,(generated),Gold on Death,Or à la mort,Oro alla morte,Gold bei Tod,Oro al morir,Золото при смерти,死亡时金币,死亡時ゴールド,사망 시 골드
stat.HealthPackHealPercent,(generated),Health Pack Heal,Soin de trousse de vie,Cura kit medico,Heilpaket-Heilung,Curación de botiquín,Лечение аптечки,治疗包回复,ヘルスパック回復,체력 팩 회복
stat.HoldTheLineGoldPerWave,(generated),Hold The Line Gold Per Wave,Or Tenir la ligne par vague,Oro Tenere la linea per ondata,Stellung-halten-Gold pro Welle,Oro de Mantener la línea por oleada,Золото «Держать оборону» за волну,坚守防线每波金币,ホールド・ザ・ライン毎ウェーブゴールド,전선 사수 웨이브당 골드
stat.HorseArcheryUnlocked,(generated),Horse Archery Unlocked,Tir monté débloqué,Tiro a cavallo sbloccato,Berittenes Bogenschießen freigeschaltet,Tiro a caballo desbloqueado,Конная стрельба разблокирована,骑射解锁,騎乗射撃解放,기마 궁술 해금
stat.HorseHealFromPacks,(generated),Horse Heal From Packs,Soin du cheval par kits,Cura del cavallo dai kit,Pferdeheilung durch Pakete,Curación del caballo con botiquines,Лечение лошади аптечками,马匹补给治疗,馬のパック回復,말 회복 팩
stat.HorseMaxHealthMultiplier,(generated),Horse Max Health Multiplier,Multiplicateur de PV max du cheval,Moltiplicatore salute max cavallo,Pferde-Maximalleben-Multiplikator,Multiplicador de salud máx. del caballo,Множитель макс. здоровья лошади,马匹生命上限倍率,馬の最大体力倍率,말 최대 체력 배율
stat.HorseRidingUnlocked,(generated),Horse Riding Unlocked,Équitation débloquée,Equitazione sbloccata,Reiten freigeschaltet,Montar a caballo desbloqueado,Верховая езда разблокирована,骑乘解锁,騎乗解放,승마 해금
stat.HorseSpeedMultiplier,(generated),Horse Speed Multiplier,Multiplicateur de vitesse du cheval,Moltiplicatore velocità cavallo,Pferdegeschwindigkeits-Multiplikator,Multiplicador de velocidad del caballo,Множитель скорости лошади,马匹速度倍率,馬の速度倍率,말 속도 배율
stat.IceBreakerDamageBonus,(generated),Ice Breaker Damage,Dégâts Brise-glace,Danni Rompighiaccio,Eisbrecher-Schaden,Daño Rompehielos,Урон «Ледокол»,破冰伤害,アイスブレイカーダメージ,얼음 파괴 피해
stat.ImpulseGoblinChance,(generated),Impulse Goblin Chance,Chance de gobelin d'impulsion,Probabilità goblin impulso,Impuls-Goblin-Chance,Probabilidad de goblin de impulso,Шанс импульсного гоблина,脉冲哥布林几率,インパルスゴブリン出現率,임펄스 고블린 확률
stat.ImpulseOrbDuration,(generated),Impulse Duration,Durée d'impulsion,Durata impulso,Impulsdauer,Duración de impulso,Длительность импульса,脉冲持续时间,インパルス持続時間,임펄스 지속 시간
stat.ImpulsePower,(generated),Impulse Power,Puissance d'impulsion,Potenza impulso,Impulskraft,Poder de impulso,Сила импульса,脉冲威力,インパルス威力,임펄스 위력
stat.KnockbackForce,(generated),Knockback Force,Force de recul,Forza di respinta,Rückstoßkraft,Fuerza de empuje,Сила отбрасывания,击退力度,ノックバック力,넉백 힘
stat.LifeStealPercent,(generated),Life Steal,Vol de vie,Rubavita,Lebensraub,Robo de vida,Вампиризм,生命偷取,ライフスティール,생명력 흡수
stat.MageFireDamagePercent,(generated),Fire Bonus Damage,Dégâts de feu bonus,Danni da fuoco bonus,Feuer-Bonusschaden,Daño de fuego adicional,Бонусный урон огнём,火焰加成伤害,炎ボーナスダメージ,화염 추가 피해
stat.MageFireExplosionDamagePercent,(generated),Explosion Damage,Dégâts d'explosion,Danni da esplosione,Explosionsschaden,Daño de explosión,Урон от взрыва,爆炸伤害,爆発ダメージ,폭발 피해
stat.MageFireExplosionRadius,(generated),Explosion Radius,Rayon d'explosion,Raggio esplosione,Explosionsradius,Radio de explosión,Радиус взрыва,爆炸半径,爆発範囲,폭발 범위
stat.MageFlameZoneDamagePercent,(generated),Burning Ground Damage,Dégâts de sol brûlant,Danni terreno in fiamme,Schaden durch brennenden Boden,Daño de suelo ardiente,Урон горящей земли,燃烧地面伤害,燃焼地面ダメージ,불타는 대지 피해
stat.MageFlameZoneDuration,(generated),Burning Ground Duration,Durée de sol brûlant,Durata terreno in fiamme,Dauer des brennenden Bodens,Duración de suelo ardiente,Длительность горящей земли,燃烧地面持续时间,燃焼地面持続時間,불타는 대지 지속 시간
stat.MageIceSlowDurationSeconds,(generated),Chill Duration,Durée de givre,Durata gelo,Frostdauer,Duración de escarcha,Длительность охлаждения,冰缓持续时间,冷気持続時間,냉기 지속 시간
stat.MageIceSlowPercent,(generated),Chill Slow,Ralentissement de givre,Rallentamento gelo,Frost-Verlangsamung,Ralentización de escarcha,Замедление от холода,冰缓减速,冷気スロウ,냉기 둔화
stat.MageImbuementBonusPerCharge,(generated),Damage / charge,Dégâts / charge,Danni / carica,Schaden / Ladung,Daño / carga,Урон / заряд,伤害/充能,ダメージ／チャージ,피해 / 충전
stat.MageImbuementDuration,(generated),Imbuement Duration,Durée d'imprégnation,Durata infusione,Verzauberungsdauer,Duración de imbuición,Длительность зачарования,附魔持续时间,付与持続時間,부여 지속 시간
stat.MageImbuementMaxCharges,(generated),Element Charges,Charges élémentaires,Cariche elementali,Elementarladungen,Cargas elementales,Заряды стихии,元素充能,エレメントチャージ,원소 충전
stat.MageRunestoneCharges,(generated),Runestone Charges,Charges de pierre runique,Cariche pietra runica,Runensteinladungen,Cargas de piedra rúnica,Заряды рунного камня,符文石充能,ルーンストーンチャージ,룬스톤 충전
stat.MaxChargeLevels,(generated),Charge Levels,Niveaux de charge,Livelli di carica,Ladestufen,Niveles de carga,Уровни заряда,充能等级,チャージレベル,충전 단계
stat.MaxHitsPerSwing,(generated),Cut-through,Transpercement,Penetrazione,Durchschlag,Perforación,Пробивание,穿透,貫通,관통
stat.MidasChance,(generated),Midas Chance,Chance de Midas,Probabilità di Mida,Midas-Chance,Probabilidad de Midas,Шанс Мидаса,迈达斯几率,ミダス確率,미다스 확률
stat.MoveSpeed,(generated),Move Speed,Vitesse de déplacement,Velocità di movimento,Bewegungstempo,Velocidad de movimiento,Скорость передвижения,移动速度,移動速度,이동 속도
stat.PainIntoPowerPercent,(generated),Pain Into Power Percent,% Douleur en puissance,Percentuale dolore in potenza,Schmerz-zu-Macht-Prozent,% de dolor en poder,Процент «Боль в силу»,化痛为力百分比,痛みを力に変換率,고통을 힘으로 비율
stat.ParryChance,(generated),Parry Chance,Chance de parade,Probabilità di parata,Parierchance,Probabilidad de parada,Шанс парирования,招架几率,パリィ確率,패링 확률
stat.PlayerMaxHealthMultiplier,(generated),Max Health,Santé max,Salute max,Max. Leben,Salud máx.,Макс. здоровье,生命上限,最大体力,최대 체력
stat.RageGainMultiplier,(generated),Rage Gain Multiplier,Multiplicateur de gain de rage,Moltiplicatore guadagno furia,Wutgewinn-Multiplikator,Multiplicador de ganancia de furia,Множитель получения ярости,怒气获取倍率,レイジ獲得倍率,분노 획득 배율
stat.RageRetentionMultiplier,(generated),Rage Retention Multiplier,Multiplicateur de rétention de rage,Moltiplicatore ritenzione furia,Wuterhalt-Multiplikator,Multiplicador de retención de furia,Множитель сохранения ярости,怒气保留倍率,レイジ維持倍率,분노 유지 배율
stat.SlowDurationBonusSeconds,(generated),Slow Duration,Durée de ralentissement,Durata rallentamento,Verlangsamungsdauer,Duración de ralentización,Длительность замедления,减速持续时间,スロウ持続時間,둔화 지속 시간
stat.SprintSpeed,(generated),Sprint Speed,Vitesse de sprint,Velocità di scatto,Sprinttempo,Velocidad de esprint,Скорость спринта,冲刺速度,スプリント速度,질주 속도
stat.StartMounted,(generated),Start Mounted,Départ à cheval,Inizio in sella,Beritten starten,Comenzar montado,Начало верхом,骑乘开局,騎乗スタート,기마 시작
stat.SwordDamage,(generated),Sword Damage,Dégâts d'épée,Danni spada,Schwertschaden,Daño de espada,Урон меча,剑伤害,剣ダメージ,검 피해
stat.SwordRange,(generated),Sword Range,Portée d'épée,Portata spada,Schwertreichweite,Alcance de espada,Дальность меча,剑攻击范围,剣リーチ,검 사거리
stat.WandChargeDamageBonus,(generated),Wand Charge Damage / level,Dégâts de charge de baguette / niveau,Danni carica bacchetta / livello,Zauberstab-Ladeschaden / Stufe,Daño de carga de varita / nivel,Урон заряда жезла / уровень,魔杖充能伤害/等级,ワンドチャージダメージ／レベル,완드 충전 피해 / 레벨
stat.WandDamage,(generated),Wand Damage,Dégâts de baguette,Danni bacchetta,Zauberstabschaden,Daño de varita,Урон жезла,魔杖伤害,ワンドダメージ,완드 피해
stat.WandKnockback,(generated),Wand Knockback,Recul de baguette,Respinta bacchetta,Zauberstab-Rückstoß,Empuje de varita,Отбрасывание жезла,魔杖击退,ワンドノックバック,완드 넉백
stat.WandMaxChargeLevels,(generated),Wand Charge Levels,Niveaux de charge de baguette,Livelli carica bacchetta,Zauberstab-Ladestufen,Niveles de carga de varita,Уровни заряда жезла,魔杖充能等级,ワンドチャージレベル,완드 충전 단계
stat.WandUnlocked,(generated),Wand Unlocked,Baguette débloquée,Bacchetta sbloccata,Zauberstab freigeschaltet,Varita desbloqueada,Жезл разблокирован,魔杖解锁,ワンド解放,완드 해금
settings.master_volume,Settings row label,Master Volume,Volume général,Volume principale,Gesamtlautstärke,Volumen general,Общая громкость,主音量,マスター音量,전체 음량
settings.music_volume,Settings row label,Music Volume,Volume de la musique,Volume musica,Musiklautstärke,Volumen de música,Громкость музыки,音乐音量,BGM音量,음악 음량
settings.sfx_volume,Settings row label,SFX Volume,Volume des effets,Volume effetti,Effektlautstärke,Volumen de efectos,Громкость эффектов,音效音量,効果音音量,효과음 음량
settings.sensitivity,Settings row label (mouse look),Sensitivity,Sensibilité,Sensibilità,Empfindlichkeit,Sensibilidad,Чувствительность,灵敏度,感度,감도
settings.max_ragdolls,Settings row label,Max Ragdolls,Ragdolls max,Ragdoll massimi,Max. Ragdolls,Ragdolls máx.,Макс. рэгдоллов,最大布娃娃数,最大ラグドール数,최대 래그돌 수
settings.invert_x,Settings row label,Invert X,Inverser X,Inverti X,X invertieren,Invertir X,Инвертировать X,反转X轴,X軸反転,X축 반전
settings.invert_y,Settings row label,Invert Y,Inverser Y,Inverti Y,Y invertieren,Invertir Y,Инвертировать Y,反转Y轴,Y軸反転,Y축 반전
settings.field_of_view,Settings row label,Field of View,Champ de vision,Campo visivo,Sichtfeld,Campo de visión,Поле зрения,视野,視野角,시야각
settings.back,Settings back button,< Back,< Retour,< Indietro,< Zurück,< Atrás,< Назад,< 返回,< 戻る,< 뒤로
settings.tab_general,Settings tab button,General,Général,Generale,Allgemein,General,Общие,常规,一般,일반
settings.tab_controls,Settings tab button,Controls,Commandes,Comandi,Steuerung,Controles,Управление,控制,操作,조작
settings.header_kbm,Rebind grid column header,Keyboard / Mouse,Clavier / Souris,Tastiera / Mouse,Tastatur / Maus,Teclado / Ratón,Клавиатура / мышь,键盘/鼠标,キーボード／マウス,키보드/마우스
settings.header_gamepad,Rebind grid column header,Gamepad,Manette,Gamepad,Gamepad,Mando,Геймпад,手柄,ゲームパッド,게임패드
settings.reset_settings,Reset Settings button label,Reset Settings,Réinitialiser les réglages,Ripristina impostazioni,Einstellungen zurücksetzen,Restablecer ajustes,Сбросить настройки,重置设置,設定をリセット,설정 초기화
settings.delete_save,Delete Save button label,Delete Save,Supprimer la sauvegarde,Elimina salvataggio,Spielstand löschen,Borrar partida,Удалить сохранение,删除存档,セーブデータを削除,저장 데이터 삭제
pause.resume,Pause menu button,Resume,Reprendre,Riprendi,Fortsetzen,Reanudar,Продолжить,继续,再開,계속하기
pause.settings,Pause menu button,Settings,Réglages,Impostazioni,Einstellungen,Ajustes,Настройки,设置,設定,설정
pause.photo_mode,Pause menu button,Photo Mode,Mode photo,Modalità foto,Fotomodus,Modo foto,Фоторежим,拍照模式,フォトモード,사진 모드
pause.quit,Pause menu button,Quit,Quitter,Esci,Beenden,Salir,Выйти,退出,終了,종료
settings.game_speed,Settings row label for game speed,Game Speed,Vitesse du jeu,Velocità di gioco,Spielgeschwindigkeit,Velocidad del juego,Скорость игры,游戏速度,ゲームスピード,게임 속도
